item_cd,item_name,itemnm,count,amount,quantity
0000045069086,上撰エコカップ　　　２１０ｍｌ,,12,2795,15
0000049214116,ステラ光年　２０°　７２０ｍｌ,,1,700,1
0000049337006,梅酒　プラＱ　　　　１６０ｍｌ,,20,6078,32
0000049337037,梅酒ピオ　　　　　　５０ｍｌ,,24,3573,39
0000049677072,月ミニカップ　　　　１００ｍｌ,,8,1039,11
0000049677225,月　エコカップ　　　２１０ｍｌ,,22,3611,31
0000049870114,大関上撰　ワンカップ１８０ｍｌ,,36,10007,51
0000049893588,スーパードライ　　　１３５ｍｌ,,72,17851,204
0080660140353,ケンタッキー　　　　ジェントルマン　　　７５０ｍｌ,,1,934,1
0080686816072,カナディアンクラブ　６年　７００ｍｌ　　＜サントリー＞,カナディアンクラブ_７００ｍｌ,36,35585,37
0081128007935,アーリータイムズ　　イエローラベル　　　７００ｍｌ,アーリータイムズ_イエローラベル_７００ｍｌ,11,15335,12
0082184045954,ジャックダニエル　　ブラック　　　　　　７００ｍｌ,ジャックダニエル_ブラックラベル_７００ｍｌ,17,35968,18
0085246500576,メーカーズマーク　　７００ｍｌ,,4,9191,4
0721059002820,ワイルドターキー　　スタンダード　　　　７５０ｍｌ,ワイルドターキー_スタンダード_７００ｍｌ,6,12863,6
3104691012063,ルジェクレームド　　カシス　　　　　　　７００ｍｌ,ルジェ_クレームドカシス_７００ｍｌ,3,4801,3
3211200991075,バロン　ドレスタックボルドー赤　２０１３　７５０ｍｌ,カステル・バロン・ド・レスタック・ボルドー赤_７５０ｍｌ,10,15228,13
4004068110080,ファルケンベルク　　リープフラウミルヒ　マドンナ　７５０ｍｌ,マドンナ・リープフラウミルヒ_リースリング/ミュラートゥルガウ_７５０ｍｌ,2,2360,2
4510582102338,上喜元　　　　　　　特撰蔵酒　　　　　　７２０ｍｌ,上喜元　特撰　蔵酒　７２０ｍｌ,3,3452,3
4514388054815,ビール大瓶１ケース,,2,-800,-2
4514388054822,ビール大瓶１本,,1,-10,-2
4514388054839,清酒一升瓶１本,,5,-72,-15
4514388054846,ビール中瓶１本,,2,-65,-14
4514388058028,赤兎馬　芋　２５°　７２０ｍｌ,２５％芋焼酎　赤兎馬７２０ｍｌ,2,3536,2
4514388058134,中々　麦焼酎２５％　７２０ｍｌ,中々　麦焼酎２５％　７２０ｍｌ,2,3469,2
4514388058530,明るい農村　芋２５°７２０ＭＬ,,1,1880,1
4514388058547,赤兎馬　紫　芋２５°７２０ＭＬ,,4,11139,5
4514657001014,眞露マッコリ　ペット１０００ｍｌ,眞露 ＪＩＮＮＲＯ_マッコリ_１Ｌ,50,34262,82
4515841006020,銀河高原小麦のビール３５０缶,銀河高原ビール 小麦のビール_３５０ｍｌ_缶,1,265,1
4516251000028,黒糖焼酎　　　　　　れんと２５°　　　　７２０ｍｌ,奄美大島開運酒造 れんと_２５度_乙_黒糖_７２０ｍｌ,7,7911,7
4524919342007,こだわりの赤葡萄酒　１８００ｍｌ　　　　＜盛田甲州＞,シャンモリ　こだわりの赤葡萄酒　パック　１．８Ｌ,16,12152,17
4524919342014,こだわりの白葡萄酒　１８００ｍｌ　　　　＜盛田甲州＞,シャンモリ　こだわりの白葡萄酒　パック　１．８Ｌ,11,11729,16
4530511000207,逸見酒造　　　　　　真稜　本醸造　　　　一味の真　１．８Ｌ,逸見酒造 地酒_真稜一味真本醸造酒_１．８Ｌ,1,1550,1
4530511000320,逸見酒造　　　　　　真稜　普通酒　　　　１．８Ｌ,逸見　真稜　無糖加　瓶　１．８Ｌ,2,3398,2
4532620003414,八海山　　　　　　　特別本醸造　　　　　７２０ｍｌ,八海山 地酒_特別本醸造酒_７２０ｍｌ,7,8855,8
4549741279673,トップバリュ　　　　ストロング　ドライ　３５０ｍｌ,イオン トップバリュストロングチューハイ＜ドライ＞_３５０ｍｌ_缶,3,367,6
4549741550932,ＴＶベストプライス　焼酎２５度　　　　　４０００ｍｌ,イオン トップバリュベストプライス焼酎_２５度_甲_４Ｌ_ペット,217,396869,254
4549741550949,ＴＶベストプライス　焼酎２０度　　　　　４０００ｍｌ,イオン トップバリュベストプライス焼酎_２０度_甲_４Ｌ_ペット,118,202664,142
4549741550956,ＴＶベストプライス　焼酎２０度　　　　　２７００ｍｌ,イオン トップバリュベストプライス焼酎_２０度_甲_２．７Ｌ_ペット,158,165309,170
4549741550963,ＴＶベストプライス　焼酎２５度　　　　　２７００ｍｌ,イオン トップバリュベストプライス焼酎_２５度_甲_２．７Ｌ_ペット,141,171842,155
4549741551038,ＴＶベストプライス　果実酒用焼酎３５度　１８００ｍｌ,イオン トップバリュベストプライス果実酒用焼酎_３５度_甲_１．８Ｌ_パック,55,90272,84
4549741567831,トップバリュ　　　　バーリアル　　　　　３５０ｍｌ,イオン トップバリュバーリアル_３５０ｍｌ_缶,215,29585,387
4549741567848,トップバリュ　　　　バーリアル　　　　　３５０ｍｌ×６,イオン トップバリュバーリアル_３５０ｍｌ×６_缶,264,154494,356
4549741567855,トップバリュ　　　　バーリアル　　　　　３５０ｍｌ×６×４,イオン トップバリュバーリアル_３５０ｍｌ×２４_缶,57,122543,70
4549741567862,トップバリュ　　　　バーリアル　　　　　５００ｍｌ,イオン トップバリュバーリアル_５００ｍｌ_缶,77,14588,134
4549741567879,トップバリュ　　　　バーリアル　　　　　５００ｍｌ×６,イオン トップバリュバーリアル_５００ｍｌ×６_缶,63,49831,83
4549741567886,トップバリュ　　　　バーリアル　　　　　５００ｍｌ×６×４,イオン トップバリュバーリアル_５００ｍｌ×２４_缶,9,24820,10
4549741567893,ＴＶバーリアル　　　糖質５０％ＯＦＦ　　３５０ｍｌ,イオン トップバリュバーリアル糖質５０％オフ_３５０ｍｌ_缶,187,25721,342
4549741567909,ＴＶバーリアル　　　糖質５０％ＯＦＦ　　３５０ｍｌ×６,イオン トップバリュバーリアル糖質５０％オフ_３５０ｍｌ×６_缶,318,189278,434
4549741567916,ＴＶバーリアル　　　糖質５０％ＯＦＦ　　３５０ｍｌ×６×４,イオン トップバリュバーリアル糖質５０％オフ_３５０ｍｌ×２４_缶,75,155375,90
4549741567923,ＴＶバーリアル　　　糖質５０％ＯＦＦ　　５００ｍｌ,イオン トップバリュバーリアル糖質５０％オフ_５００ｍｌ_缶,55,10050,96
4549741567930,ＴＶバーリアル　　　糖質５０％ＯＦＦ　　５００ｍｌ×６,イオン トップバリュバーリアル糖質５０％オフ_５００ｍｌ×６_缶,64,54822,89
4549741567947,ＴＶバーリアル　　　糖質５０％ＯＦＦ　　５００ｍｌ×６×４,イオン トップバリュバーリアル糖質５０％オフ_５００ｍｌ×２４_缶,13,42103,17
4549741567954,ＴＶバーリアル　　　リッチテイスト　　　３５０ｍｌ,イオン トップバリュバーリアルリッチテイスト_３５０ｍｌ_缶,19,2637,35
4549741567961,ＴＶバーリアル　　　リッチテイスト　　　３５０ｍｌ×６,イオン トップバリュバーリアルリッチテイスト_３５０ｍｌ×６_缶,28,16320,38
4549741567978,ＴＶバーリアル　　　リッチテイスト　　　３５０ｍｌ×２４,イオン トップバリュバーリアルリッチテイスト_３５０ｍｌ×２４_缶,10,21359,12
4549741567985,ＴＶバーリアル　　　リッチテイスト　　　５００ｍｌ,イオン トップバリュバーリアルリッチテイスト_５００ｍｌ_缶,20,3577,34
4549741567992,ＴＶバーリアル　　　リッチテイスト　　　５００ｍｌ×６,イオン トップバリュバーリアルリッチテイスト_５００ｍｌ×６_缶,17,13899,23
4549741568005,ＴＶバーリアル　　　リッチテイスト　　　５００ｍｌ×２４,イオン トップバリュバーリアルリッチテイスト_５００ｍｌ×２４_缶,4,9758,4
4560164300218,ハディントンハウス　スコッチウイスキー　７００ｍｌ,ハデイントンハウス_スコッチウイスキー_７００ｍｌ,2,1761,2
4562238991025,菊駒　純米酒　　　　７２０ｍｌ,菊駒酒造 地酒_純米酒_１．８L,1,2495,2
4573206140017,ヴィアヘロ　赤　　　バッグインボックス　３０００ｍｌ,ヴィアヘロ　赤　ＢＩＢ　３Ｌ,1,1159,1
4582116371138,麦艶　　　　　　　　３５０ｍｌ,麦艶_３５０ｍｌ_缶,205,25130,341
4582116371145,麦艶　　　　　　　　３５０ｍｌ×６,麦艶_３５０ｍｌ×６_缶,234,140978,325
4582116371152,麦艶　　　　　　　　３５０ｍｌ×６×４,麦艶_３５０ｍｌ×６×４_缶,39,76895,45
4582116371183,麦艶オフ　　　　　　３５０ｍｌ,麦艶_糖質７０％オフ_３５０ｍｌ_缶,183,25218,348
4582116371190,麦艶オフ　　　　　　３５０ｍｌ×６,麦艶_糖質７０％オフ_３５０ｍｌ×６_缶,234,132338,307
4582116371206,麦艶オフ　　　　　　３５０ｍｌ×６×４,麦艶_糖質７０％オフ_３５０ｍｌ×６×４_缶,43,79674,47
4900411001329,樽平　特別純米酒　　銀　　　　　　　　　７２０ｍｌ,樽平酒造 地酒_樽平銀特別純米酒_７２０ｍｌ,1,688,1
4900411004023,樽平　純米酒　　　　一生住吉　　　　　　７２０ｍｌ,樽平酒造 地酒_一生住吉純米酒_７２０ｍｌ,2,1636,2
4901004005625,新本生アクアブルー　５００ｍｌ,アサヒ 本生アクアブルー_５００ｍｌ_缶,1,369,2
4901004005649,新本生アクアブルー　３５０ｍｌ,アサヒ 本生アクアブルー_３５０ｍｌ_缶,3,1156,9
4901004005663,新本生アクアブルー　５００ｍｌ×６,アサヒ 本生アクアブルー_５００ｍｌ×６_缶,3,3782,4
4901004005670,新本生アクアブルー　５００ｍｌ×２４,アサヒ 本生アクアブルー_５００ｍｌ×６×４_缶,2,15984,4
4901004005687,新本生アクアブルー　３５０ｍｌ×６,アサヒ 本生アクアブルー_３５０ｍｌ×６_缶,6,4337,6
4901004005694,新本生アクアブルー　３５０ｍｌ×２４,アサヒ 本生アクアブルー_３５０ｍｌ×６×４_缶,4,12112,4
4901004006714,スーパードライ　　　３５０ｍｌ,アサヒ スーパードライ_３５０ｍｌ_缶,455,132647,689
4901004006721,スーパードライ　　　３５０ｍｌ×６,アサヒ スーパードライ_３５０ｍｌ×６_缶,721,919155,858
4901004006813,スーパードライ　　　５００ｍｌ,アサヒ スーパードライ_５００ｍｌ_缶,367,133618,532
4901004006820,スーパードライ　　　５００ｍｌ×６,アサヒ スーパードライ_５００ｍｌ×６_缶,289,445360,316
4901004008077,本生ドラフト　　　　３５０ｍｌ×２４,アサヒ 本生ドラフト_３５０ｍｌ×６×４_缶,1,9084,3
4901004008176,クリアアサヒ　　　　５００ｍｌ,アサヒ クリアアサヒ_５００ｍｌ_缶,386,87441,581
4901004008190,クリアアサヒ　　　　３５０ｍｌ,アサヒ クリアアサヒ_３５０ｍｌ_缶,360,60207,565
4901004008220,クリアアサヒ　　　　５００ｍｌ×６,アサヒ クリアアサヒ_５００ｍｌ×６_缶,283,283710,330
4901004008237,クリアアサヒ　　　　５００ｍｌ×２４,アサヒ クリアアサヒ_５００ｍｌ×６×４_缶,41,142018,41
4901004008244,クリアアサヒ　　　　３５０ｍｌ×６,アサヒ クリアアサヒ_３５０ｍｌ×６_缶,653,449234,755
4901004008251,クリアアサヒ　　　　３５０ｍｌ×２４,アサヒ クリアアサヒ_３５０ｍｌ×６×４_缶,76,209882,87
4901004009302,スーパードライ　大瓶６３３ｍｌ×２０,アサヒ スーパードライ_６３３ｍｌ×２０_瓶,2,13400,2
4901004009319,スーパードライ　大瓶６３３ｍｌ,アサヒ スーパードライ_６３３ｍｌ_瓶,2,3678,11
4901004009418,ス―パ―ドライ　中瓶５００ｍｌ,アサヒ スーパードライ_５００ｍｌ_瓶,6,5591,20
4901004018298,レッドアイ　　　　　３５０ｍｌ,アサヒ レッドアイ_３５０ｍｌ_缶,251,65526,459
4901004019202,クリアアサヒ　　　　３５０ｍｌ×２４　　景品付,アサヒ クリアアサヒ_３５０ｍｌ×２４_缶,123,336478,135
4901004022738,アサヒスーパードライ景品付３５０ｍｌ　　ケース,アサヒ スーパードライ_３５０ｍｌ×２４_缶,147,737739,170
4901004027160,アサヒオフ　　　　　５００ｍｌ,アサヒ アサヒオフ_５００ｍｌ_缶,14,3235,21
4901004027184,アサヒオフ　　　　　３５０ｍｌ,アサヒ アサヒオフ_３５０ｍｌ_缶,53,9668,94
4901004027207,アサヒオフ　　　　　５００ｍｌ×６,アサヒ アサヒオフ_５００ｍｌ×６_缶,39,37700,43
4901004027221,アサヒオフ　　　　　５００ｍｌ×２４,アサヒ アサヒオフ_５００ｍｌ×６×４_缶,2,5325,2
4901004027238,アサヒオフ　　　　　３５０ｍｌ×６,アサヒ アサヒオフ_３５０ｍｌ×６_缶,116,106930,173
4901004027245,アサヒオフ　　　　　３５０ｍｌ×２４,アサヒ アサヒオフ_３５０ｍｌ×６×４_缶,19,65945,26
4901004034397,クリアアサヒ贅沢ゼロ３５０ｍｌ,アサヒ クリアアサヒ贅沢ゼロ_３５０ｍｌ_缶,8,1093,10
4901004034441,クリアアサヒ贅沢ゼロ３５０ｍｌ×６,アサヒ クリアアサヒ贅沢ゼロ_３５０ｍｌ×６_缶,18,16544,26
4901004034458,クリアアサヒ贅沢ゼロ３５０ｍｌ×２４,アサヒ クリアアサヒ贅沢ゼロ_３５０ｍｌ×６×４_缶,6,22394,9
4901004035301,スーパードライ　　　５００ｍｌ×２４,アサヒ スーパードライ_５００ｍｌ×６×４_缶,59,385814,68
4901004035400,スーパードライ　　　３５０ｍｌ×２４,アサヒ スーパードライ_３５０ｍｌ×６×４_缶,138,687782,159
4901004037428,ス―パ―ドライ　　　１３５ｍｌ×６,アサヒ スーパードライ_１３５ｍｌ×６_缶,3,2132,4
4901004039026,スタイルフリー＜生＞５００ｍｌ,アサヒ スタイルフリー_５００ｍｌ_缶,158,48898,270
4901004039040,スタイルフリー＜生＞３５０ｍｌ,アサヒ スタイルフリー_３５０ｍｌ_缶,191,43108,320
4901004039064,スタイルフリー＜生＞５００ｍｌ×６,アサヒ スタイルフリー_５００ｍｌ×６_缶,175,208532,206
4901004039071,スタイルフリー＜生＞５００ｍｌ×２４,アサヒ スタイルフリー_５００ｍｌ×２４_缶,20,97776,24
4901004039088,スタイルフリー＜生＞３５０ｍｌ×６,アサヒ スタイルフリー_３５０ｍｌ×６_缶,317,280771,385
4901004039095,スタイルフリー＜生＞３５０ｍｌ×２４,アサヒ スタイルフリー_３５０ｍｌ×２４_缶,52,181134,60
4901004041449,クリアセブン　　　　３５０ｍｌ,アサヒ クリアアサヒクリアセブン_３５０ｍｌ_缶,1,219,2
4901004041487,クリアセブン　　　　３５０ｍｌ×６,アサヒ クリアアサヒクリアセブン_３５０ｍｌ×６_缶,1,638,1
4901004042132,クリアアサヒ　　　　プライムリッチ　　　５００ｍｌ,アサヒ クリアアサヒプライムリッチ_５００ｍｌ_缶,13,2791,18
4901004042156,クリアアサヒ　　　　プライムリッチ　　　３５０ｍｌ,アサヒ クリアアサヒプライムリッチ_３５０ｍｌ_缶,173,26988,253
4901004042170,クリアアサヒ　　　　プライムリッチ　　　５００ｍｌ×６,アサヒ クリアアサヒプライムリッチ_５００ｍｌ×６_缶,13,12867,15
4901004042187,クリアアサヒ　　　　プライムリッチ　　　５００ｍｌ×２４,アサヒ クリアアサヒプライムリッチ_５００ｍｌ×６×４_缶,1,3508,1
4901004042194,クリアアサヒ　　　　プライムリッチ　　　３５０ｍｌ×６,アサヒ クリアアサヒプライムリッチ_３５０ｍｌ×６_缶,131,93617,156
4901004042217,クリアアサヒ　　　　プライムリッチ　　　３５０ｍｌ×２４,アサヒ クリアアサヒプライムリッチ_３５０ｍｌ×６×４_缶,7,16758,7
4901004042934,クリアアサヒ　　　　東北の恵み　　　　　３５０ｍｌ,アサヒ クリアアサヒ_東北の恵み_３５０ｍｌ_缶,8,1311,12
4901004042941,クリアアサヒ　　　　東北の恵み　　　　　３５０ｍｌ６缶,アサヒ クリアアサヒ_東北の恵み_３５０ｍｌ×６_缶,20,12955,21
4901004044334,極上キレ味　　　　　３５０ｍｌ,アサヒ 極上＜キレ味＞_３５０ｍｌ_缶,192,31628,298
4901004044372,極上キレ味　　　　　３５０ｍｌ×６,アサヒ 極上＜キレ味＞_３５０ｍｌ×６_缶,202,146284,235
4901004044389,極上キレ味　　　　　３５０ｍｌ×２４,アサヒ 極上＜キレ味＞_３５０ｍｌ×６×４_缶,14,39890,16
4901004045690,スーパードライ　　　瞬冷辛口　　　　　　３５０ｍｌ,アサヒ スーパードライ瞬冷辛口_３５０ｍｌ_缶,3,986,5
4901004045751,スーパードライ　　　瞬冷辛口　　　　　　３５０ｍｌ×６,アサヒ スーパードライ瞬冷辛口_３５０ｍｌ×６_缶,2,2256,2
4901004045768,スーパードライ　　　瞬冷辛口　　　　　　３５０ｍｌ×２４,アサヒ スーパードライ瞬冷辛口_３５０ｍｌ×２４_缶,1,4510,1
4901030108468,大吟醸ブレンド酒　　パック１８００ｍｌ,月桂冠 ＮＢ_上撰_１．８Ｌ_パック,1,1480,1
4901030110010,月桂冠　上撰　Ｐ箱　１８００ｍｌ,月桂冠 ＮＢ_上撰_１．８Ｌ,3,5629,4
4901030119013,月桂冠　上撰カートン１８００ｍｌ,月桂冠 ＮＢ_上撰_１．８Ｌ,1,1408,1
4901030214169,月桂冠糖質ゼロパック１８００ｍｌ,月桂冠 ＮＢ_糖質ゼロ_１．８Ｌ_パック,26,25867,27
4901030225660,月桂冠　辛口パック　２０００ｍｌ,月桂冠 ＮＢ_辛口_２Ｌ_パック,12,9640,12
4901030229217,月桂冠　月パック　　３０００ｍｌ,月桂冠 ＮＢ_つき_３Ｌ_パック,20,27620,21
4901030231012,月桂冠　佳撰　　　　グリーンパック　　　２０００ｍｌ,月桂冠 ＮＢ_佳撰_２Ｌ_パック,14,13916,14
4901030232019,月桂冠　月パック　　２０００ｍｌ,月桂冠 ＮＢ_つき_２Ｌ_パック,46,44353,50
4901030239414,月桂冠　つき　パック９００ｍｌ,月桂冠 ＮＢ_つき_９００ｍｌ,11,7617,12
4901030292365,ＴＨＥ　ＳＨＯＴ　　艶めくリッチ　本醸造１８０ｍｌ,月桂冠 ＮＢ_ＴＨＥＳＨＯＴ艶めくリッチ_１８０ｍｌ,4,976,4
4901309107048,上撰　金露　　　　　１８００ｍｌ,ｷﾝｸﾞ 金露上撰 ﾋﾞﾝ 1800ml,1,950,1
4901309107512,播州桃太郎鬼ころし　カップ　１８０ｍｌ,キング醸造 地酒_播州桃太郎の鬼ころし_１８０ｍｌ_カップ,3,680,7
4901309109844,鬼ヶ島の鬼ころし　　２０００ｍｌ,キング醸造 地酒_鬼ヶ島の鬼ころし_２Ｌ_パック,7,5317,7
4901309700164,いたれりつくせり　　２０°２７００ｍｌ,キング醸造　いたれりつくせり　２．７Ｌ,3,3240,3
4901309700171,いたれりつくせり　　２０°４０００ｍｌ,キング醸造　いたれりつくせり　４Ｌ,6,10995,8
4901410062052,黄桜　辛口一献　　　３０００ｍｌ,黄桜 ＮＢ_辛口一献普通酒_３Ｌ_パック,12,17109,13
4901410062076,黄桜　辛口一献パック２０００ｍｌ,黄桜 ＮＢ_辛口一献普通酒_２Ｌ_パック,31,29226,34
4901410062175,黄桜　辛口一献パック９００ｍｌ,黄桜 ＮＢ_辛口一献普通酒_９００ｍｌ_パック,1,598,1
4901411000398,氷結グレープフルーツ３５０ｍｌ×２４,麒麟 氷結＜グレープフルーツ＞_３５０ｍｌ×２４_缶,2,7116,3
4901411000404,氷結グレープフルーツ３５０ｍｌ,麒麟 氷結＜グレープフルーツ＞_３５０ｍｌ_缶,421,78342,807
4901411000411,氷結グレープフルーツ５００ｍｌ×２４,麒麟 氷結＜グレープフルーツ＞_５００ｍｌ×２４_缶,1,3301,1
4901411000428,氷結グレープフルーツ５００ｍｌ,麒麟 氷結＜グレープフルーツ＞_５００ｍｌ_缶,350,85023,631
4901411000442,氷結　レモン　　　　３５０ｍｌ×２４,麒麟 氷結＜シチリア産レモン＞_３５０ｍｌ×２４_缶,2,3523,2
4901411000459,氷結　レモン　　　　３５０ｍｌ,麒麟 氷結＜シチリア産レモン＞_３５０ｍｌ_缶,454,94641,978
4901411000466,氷結　レモン　　　　５００ｍｌ×２４,麒麟 氷結＜シチリア産レモン＞_５００ｍｌ×２４_缶,2,6701,2
4901411000473,氷結　レモン　　　　５００ｍｌ,麒麟 氷結＜シチリア産レモン＞_５００ｍｌ_缶,422,119724,882
4901411001975,淡麗グリーンラベル　３５０ｍｌ,麒麟 淡麗グリーンラベル_３５０ｍｌ_缶,193,46542,348
4901411001982,淡麗グリーンラベル　３５０ｍｌ×２４,麒麟 淡麗グリーンラベル_３５０ｍｌ×６×４_缶,83,259292,89
4901411001999,淡麗グリーンラベル　３５０ｍｌ×６,麒麟 淡麗グリーンラベル_３５０ｍｌ×６_缶,440,377160,520
4901411002019,淡麗グリーンラベル　５００ｍｌ,麒麟 淡麗グリーンラベル_５００ｍｌ_缶,146,42663,236
4901411002026,淡麗グリーンラベル　５００ｍｌ×２４,麒麟 淡麗グリーンラベル_５００ｍｌ×６×４_缶,15,76889,19
4901411002033,淡麗グリーンラベル　５００ｍｌ×６,麒麟 淡麗グリーンラベル_５００ｍｌ×６_缶,168,199767,195
4901411011523,のどごし＜生＞　　　３５０ｍｌ,麒麟 のどごし＜生＞_３５０ｍｌ_缶,469,75446,707
4901411011530,のどごし＜生＞　　　３５０ｍｌ×２４,麒麟 のどごし＜生＞_３５０ｍｌ×６×４_缶,148,380563,157
4901411011547,のどごし＜生＞　　　３５０ｍｌ×６,麒麟 のどごし＜生＞_３５０ｍｌ×６_缶,825,571915,954
4901411011561,のどごし＜生＞　　　５００ｍｌ,麒麟 のどごし＜生＞_５００ｍｌ_缶,417,96710,631
4901411011578,のどごし＜生＞　　　５００ｍｌ×２４,麒麟 のどごし＜生＞_５００ｍｌ×６×４_缶,70,264641,75
4901411011585,のどごし＜生＞　　　５００ｍｌ×６,麒麟 のどごし＜生＞_５００ｍｌ×６_缶,284,287217,328
4901411019871,ハイネケン　　　　　３５０ｍｌＸ２４,ハイネケン_３５０ｍｌ×２４_缶,1,5468,1
4901411019888,ハイネケン　　　　　３５０ｍｌ,ハイネケン_３５０ｍｌ_缶,97,39998,190
4901411021928,ハイネケン　　瓶　　３３０ｍｌ,ハイネケン_３３０ｍｌ_瓶,5,2947,13
4901411025889,本搾り　　　　　　　レモン　　　　　　　３５０ｍｌ×２４,麒麟 本搾り＜レモン＞_３５０ｍｌ×２４_缶,3,7353,3
4901411025896,本搾り　　　　　　　レモン　　　　　　　３５０ｍｌ,麒麟 本搾り＜レモン＞_３５０ｍｌ_缶,324,66785,657
4901411026121,本搾り　　　　　　　レモン　　　　　　　５００ｍｌ×２４,麒麟 本搾り＜レモン＞_５００ｍｌ×２４_缶,3,9899,3
4901411026138,本搾り　　　　　　　レモン　　　　　　　５００ｍｌ,麒麟 本搾り＜レモン＞_５００ｍｌ_缶,157,63727,453
4901411026145,本搾り　　　　　　　グレープフルーツ　　３５０ｍｌ×２４,麒麟 本搾り＜グレープフルーツ＞_３５０ｍｌ×２４_缶,2,4719,2
4901411026152,本搾り　　　　　　　グレープフルーツ　　３５０ｍｌ,麒麟 本搾り＜グレープフルーツ＞_３５０ｍｌ_缶,421,93192,919
4901411026169,本搾り　　　　　　　グレープフルーツ　　５００ｍｌ×２４,麒麟 本搾り＜グレープフルーツ＞_５００ｍｌ×２４_缶,2,6548,2
4901411026176,本搾り　　　　　　　グレープフルーツ　　５００ｍｌ,麒麟 本搾り＜グレープフルーツ＞_５００ｍｌ_缶,206,75859,552
4901411031316,スミノフ　Ｎｏ．２１ウォッカ４０°　　　７５０ｍｌ,スミノフ_ウォッカ_７５０ｍｌ,13,15121,15
4901411031712,Ｉ．Ｗ．ＨＡＲＰＥＲゴールドメダル　　　７００ｍｌ,Ｉ．Ｗ．ハーパー_ゴールドメダル_７００ｍｌ,7,12200,7
4901411034683,氷結　シャルドネ　　スパークリング　　　３５０ｍｌ,麒麟 氷結＜シャルドネスパークリング＞_３５０ｍｌ_缶,150,19987,208
4901411034706,氷結　シャルドネ　　スパークリング　　　５００ｍｌ,麒麟 氷結＜シャルドネスパークリング＞_５００ｍｌ_缶,2,554,4
4901411034805,濃い味　糖質０　　　３５０ｍｌ×２４,麒麟 濃い味＜糖質ゼロ＞_３５０ｍｌ×６×４_缶,1,2789,1
4901411034812,濃い味　糖質０　　　３５０ｍｌ×６,麒麟 濃い味＜糖質ゼロ＞_３５０ｍｌ×６_缶,1,696,1
4901411034942,まっこい梅酒パック　１０００ｍｌ,メルシャン まっこい梅酒_１Ｌ_パック,12,5024,12
4901411034966,まっこい梅酒パック　２０００ｍｌ,メルシャン まっこい梅酒_２Ｌ_パック,33,30808,36
4901411035109,氷結　ストロング　　シチリア産レモン　　糖質ゼロ　３５０ｍｌ,麒麟 氷結ストロング＜シチリア産レモン＞_３５０ｍｌ_缶,154,29235,304
4901411035123,氷結　ストロング　　シチリア産レモン　　糖質ゼロ　５００ｍｌ,麒麟 氷結ストロング＜シチリア産レモン＞_５００ｍｌ_缶,98,34574,254
4901411035161,氷結　ストロング　　完熟グレープフルーツ糖質ゼロ　３５０ｍｌ,麒麟 氷結ストロング＜グレープフルーツ＞_３５０ｍｌ_缶,119,24877,254
4901411035178,氷結　ストロング　　ＧＦ糖類ゼロ　　　　５００ｍｌ×２４,麒麟 氷結ストロング＜グレープフルーツ＞_５００ｍｌ×２４_缶,2,9901,3
4901411035185,氷結　ストロング　　完熟グレープフルーツ糖質ゼロ　５００ｍｌ,麒麟 氷結ストロング＜グレープフルーツ＞_５００ｍｌ_缶,23,8569,62
4901411037066,氷結　青ウメ　　　　５００ｍｌ,麒麟 氷結＜ウメ＞_５００ｍｌ_缶,1,839,6
4901411037165,氷結　青ウメ　　　　３５０ｍｌ,麒麟 氷結＜ウメ＞_３５０ｍｌ_缶,48,9031,92
4901411037189,氷結　サワーレモン　３５０ｍｌ,麒麟 氷結＜サワーレモン＞_３５０ｍｌ_缶,309,50799,523
4901411038704,スミノフアイス　　　グリーンアップル　　２７５ｍｌ,スミノフアイス＜グリーンアップルバイト＞_２７５ｍｌ_瓶,1,197,1
4901411039985,本搾り　オレンジ　　３５０ｍｌ,麒麟 本搾り＜オレンジ＞_３５０ｍｌ_缶,337,50409,496
4901411044743,ゼロハイ氷零レモン　＜キリンビール＞　　３５０ｍｌ,麒麟 ゼロハイ氷零＜シチリア産レモン＞_３５０ｍｌ_缶,26,3841,41
4901411044781,ゼロハイ氷零ＧＦ　　＜キリンビール＞　　３５０ｍｌ,麒麟 ゼロハイ氷零＜グレープフルーツ＞_３５０ｍｌ_缶,28,5021,53
4901411044842,スミノフアイス　　　ワイルドグレープ　　２７５ｍｌ,スミノフアイス＜ワイルドグレープ＞_２７５ｍｌ_瓶,9,2065,10
4901411046785,淡麗プラチナダブル　３５０ｍｌ,麒麟 淡麗プラチナダブル_３５０ｍｌ_缶,3,553,4
4901411046808,淡麗プラチナダブル　３５０ｍｌ×６,麒麟 淡麗プラチナダブル_３５０ｍｌ×６_缶,15,12959,18
4901411046815,淡麗プラチナダブル　３５０ｍｌ×２４,麒麟 淡麗プラチナダブル_３５０ｍｌ×６×４_缶,4,11136,4
4901411046822,淡麗プラチナダブル　５００ｍｌ,麒麟 淡麗プラチナダブル_５００ｍｌ_缶,7,2820,15
4901411046846,淡麗プラチナダブル　５００ｍｌ×６,麒麟 淡麗プラチナダブル_５００ｍｌ×６_缶,9,10178,12
4901411046853,淡麗プラチナダブル　５００ｍｌ×２４,麒麟 淡麗プラチナダブル_５００ｍｌ×６×４_缶,2,8216,2
4901411047485,本搾り　オレンジ　　５００ｍｌ,麒麟 本搾り＜オレンジ＞_５００ｍｌ_缶,11,5354,40
4901411047546,氷結　ＺＥＲＯ　　　シチリア産レモン　　３５０ｍｌ,麒麟 氷結ＺＥＲＯ＜レモン＞_３５０ｍｌ_缶,445,107685,1111
4901411047553,氷結　ＺＥＲＯ　　　シチリアレモン　　　３５０ｍｌ×２４,麒麟 氷結ＺＥＲＯ＜レモン＞_３５０ｍｌ×２４_缶,1,2316,1
4901411047560,氷結　ＺＥＲＯ　　　シチリア産レモン　　５００ｍｌ,麒麟 氷結ＺＥＲＯ＜レモン＞_５００ｍｌ_缶,4,474,4
4901411047584,氷結　ＺＥＲＯ　　　グレープフルーツ　　３５０ｍｌ,麒麟 氷結ＺＥＲＯ＜グレープフルーツ＞_３５０ｍｌ_缶,12,1463,15
4901411047591,氷結　ＺＥＲＯ　　　グレープフルーツ　　３５０ｍｌ×２４,麒麟 氷結ＺＥＲＯ＜グレープフルーツ＞_３５０ｍｌ×２４_缶,1,2316,1
4901411047607,氷結　ＺＥＲＯ　　　グレープフルーツ　　５００ｍｌ,麒麟 氷結ＺＥＲＯ＜グレープフルーツ＞_５００ｍｌ_缶,1,134,1
4901411048864,パーフェクトフリー　３５０ｍｌ,麒麟 パーフェクトフリー_３５０ｍｌ_缶,6,731,7
4901411048895,パーフェクトフリー　３５０ｍｌ　　　　　６缶×４,麒麟 パーフェクトフリー_３５０ｍｌ×６×４_缶,1,2375,1
4901411050355,スミノフアイス　　　ブリスクレモネード　２７５ｍｌ,スミノフアイス＜ブリスクレモネード＞_２７５ｍｌ_瓶,1,197,1
4901411052809,ホワイトホース　　　ファインオールド　　７００ｍｌ,ホワイトホース_ファインオールド_７００ｍｌ,50,54584,56
4901411055374,氷結　もも　　　　　３５０ｍｌ,麒麟 氷結＜もも＞_３５０ｍｌ_缶,117,15168,156
4901411055480,本搾り　　　　　　　ピンクＧＦ　　　　　３５０ｍ,麒麟 本搾り＜ピンクグレープフルーツ＞_３５０ｍｌ_缶,222,42546,421
4901411055497,本搾り　　　　　　　ピンクＧＦ　　　　　３５０ｍｌ×２４,麒麟 本搾り＜ピンクグレープフルーツ＞_３５０ｍｌ×２４_缶,1,2359,1
4901411056029,ホワイトホース　　　ファインオールド　　４０００ｍｌ,ホワイトホース_ファインオールド_４Ｌ_ペット,2,10759,2
4901411056654,オークマスター樽薫る６４０ｍｌ,麒麟 オークマスター_樽薫る_６４０ｍｌ,5,5342,6
4901411061825,ひんやりライチ　　　５００ｍｌ,麒麟 茘枝酒_ひんやりライチ_５００ｍｌ,1,469,1
4901411062594,蜜柑酒ひんやりみかん５００ｍｌ,麒麟 蜜柑酒_ひんやりみかん_５００ｍｌ,1,381,1
4901411063898,氷結　ストロング　　巨峰　　　　　　　　３５０ｍｌ,麒麟 氷結ストロング＜巨峰＞_３５０ｍｌ_缶,15,1974,20
4901411066998,氷結　パイナップル　３５０ｍｌ,麒麟 氷結＜パイナップル＞_３５０ｍｌ_缶,61,7904,81
4901411067001,氷結　パイナップル　５００ｍｌ,麒麟 氷結＜パイナップル＞_５００ｍｌ_缶,1,269,2
4901411067322,杏露酒　５００ｍｌ,麒麟 杏露酒_５００ｍｌ,9,7136,10
4901411067834,皮ごこち　レモン　　７００ｍｌ,麒麟 皮ごこち_レモン_７００ｍｌ,1,699,1
4901411068046,ビターズ　皮ごと搾りレモンライム　　　　３５０ｍｌ,麒麟 チューハイビターズ＜皮ごと搾りレモンライム＞_３５０ｍｌ_缶,71,15205,150
4901411068107,ビターズ　皮ごと搾りレモン　　　　　　　３５０ｍｌ,麒麟 チューハイビターズ＜皮ごと搾りレモン＞_３５０ｍｌ_缶,2,200,2
4901411068169,ビターズ　皮ごと搾りグレープフルーツ　　３５０ｍｌ,麒麟 チューハイビターズ＜皮ごと搾りグレープフルーツ＞_３５０ｍｌ_缶,14,2626,26
4901411068244,零ＩＣＨＩ　　　　　３５０ｍｌ,麒麟 零ＩＣＨＩ_３５０ｍｌ_缶,2,771,13
4901411068282,キリン零ＩＣＨＩ　　ゼロイチ　　　　　　５００ｍｌ,麒麟 零ＩＣＨＩ_５００ｍｌ_缶,2,979,11
4901411068305,キリン零ＩＣＨＩ　　ゼロイチ　　　　　　５００ｍｌ×６,麒麟 零ＩＣＨＩ_５００ｍｌ×６_缶,4,3894,6
4901411068749,旅する氷結　　　　　マンマレモンチーノ　３５０ｍｌ,麒麟 旅する氷結＜マンマレモンチーノ＞_３５０ｍｌ_缶,2,187,2
4901411068787,旅する氷結　アップルオレンジサングリア　３５０ｍｌ,麒麟 旅する氷結＜アップルオレンジサングリア＞_３５０ｍｌ_缶,4,373,4
4901411068824,旅する氷結　　　　　カリビアンモヒート　３５０ｍｌ,麒麟 旅する氷結＜カリビアンモヒート＞_３５０ｍｌ_缶,1,300,3
4901411070827,富士山麓　　　　　　シグニチャーブレンド７００ｍｌ,麒麟 富士山麓_シグニチャーブレンド_７００ｍｌ,2,8958,2
4901411077352,旅する氷結　　　　　ハオチーライチ　　　３５０ｍｌ,麒麟 旅する氷結＜ハオチーライチ＞_３５０ｍｌ_缶,7,871,9
4901411077468,旅する氷結　　　　　ピーチアモーレ　　　３５０ｍｌ,麒麟 旅する氷結＜ピーチアモーレ＞_３５０ｍｌ_缶,7,724,8
4901411080802,グランドキリン　　　ＷＨＩＴＥＡＬＥ　　３５０ｍｌ,麒麟 グランドキリン_ホワイトエール_３５０ｍｌ_缶,1,268,1
4901411081519,ホワイトホース　　　ファインオールド　　２７００ｍｌ,ホワイトホース_ファインオールド_２．７Ｌ_ペット,4,13851,4
4901411083421,キリン　　　　　　　氷結ＺＥＲＯ白ぶどう３５０ｍｌ,麒麟 氷結ＺＥＲＯ＜白ぶどう＞_３５０ｍｌ_缶,192,39469,402
4901411083506,本麒麟　　　　　　　３５０ｍｌ,麒麟 本麒麟_３５０ｍｌ_缶,341,54272,509
4901411083520,本麒麟　　　　　　　３５０ｍｌ×６,麒麟 本麒麟_３５０ｍｌ×６_缶,426,301856,493
4901411083537,本麒麟　　　　　　　３５０ｍｌ×２４,麒麟 本麒麟_３５０ｍｌ×２４_缶,54,154603,63
4901411083544,本麒麟　　　　　　　５００ｍｌ,麒麟 本麒麟_５００ｍｌ_缶,182,38158,246
4901411083568,本麒麟　　　　　　　５００ｍｌ×６,麒麟 本麒麟_５００ｍｌ×６_缶,110,102796,117
4901411083575,本麒麟　　　　　　　５００ｍｌ×６×４,麒麟 本麒麟_５００ｍｌ×２４_缶,11,39471,11
4901411083629,キリンザ・ストロング超爽快ドライ　　　　３５０ｍｌ,麒麟 キリン・ザ・ストロング＜ハードドライ＞_３５０ｍｌ_缶,44,8800,92
4901411083667,キリンザ・ストロング本格レモン　　　　　３５０ｍｌ,麒麟 キリン・ザ・ストロング＜ハードレモン＞_３５０ｍｌ_缶,102,18797,194
4901411083704,キリンザ・ストロングハードコーラ　　　　３５０ｍｌ,麒麟 キリン・ザ・ストロング＜ハードコーラ＞_３５０ｍｌ_缶,140,22374,232
4901411083728,キリンザ・ストロングハードコーラ　　　　５００ｍｌ,麒麟 キリン・ザ・ストロング＜ハードコーラ＞_５００ｍｌ_缶,4,946,7
4901411083742,キリン　ザストロングホワイトサワー　　　３５０ｍｌ,麒麟 キリン・ザ・ストロング＜ホワイトサワー＞_３５０ｍｌ_缶,2,537,5
4901411083780,ザ・ストロング　　　ハードラムネ　　　　３５０ｍｌ,麒麟 キリン・ザ・ストロング＜ハードラムネ＞_３５０ｍｌ_缶,10,2291,22
4901411085005,一番搾り　超芳醇　　３５０ｍｌ,麒麟 一番搾り超芳醇_３５０ｍｌ_缶,5,1090,5
4901411085029,一番搾り　超芳醇　　３５０ｍｌ×６,麒麟 一番搾り超芳醇_３５０ｍｌ×６_缶,1,2495,2
4901411086798,ホワイトホース　　　ハイボール　　　　　３５０ｍｌ,麒麟 ホワイトホースハイボール_３５０ｍｌ_缶,1,336,2
4901411089577,のどごし　ＺＥＲＯ　（新）　　　　　　　３５０ｍｌ,麒麟 のどごしＺＥＲＯ_３５０ｍｌ_缶,10,2003,19
4901411089591,のどごし　ＺＥＲＯ　（新）　　　　　　　３５０ｍｌ×６,麒麟 のどごしＺＥＲＯ_３５０ｍｌ×６_缶,27,18980,31
4901411089607,のどごし　ＺＥＲＯ　（新）　　　　　　　３５０ｍｌ×６×４,麒麟 のどごしＺＥＲＯ_３５０ｍｌ×６×４_缶,8,19381,8
4901411089614,のどごし　ＺＥＲＯ　（新）　　　　　　　５００ｍｌ,麒麟 のどごしＺＥＲＯ_５００ｍｌ_缶,7,1130,8
4901411089638,のどごし　ＺＥＲＯ　（新）　　　　　　　５００ｍｌ×６,麒麟 のどごしＺＥＲＯ_５００ｍｌ×６_缶,5,5241,6
4901411089645,のどごし　ＺＥＲＯ　（新）　　　　　　　５００ｍｌ×６×４,麒麟 のどごしＺＥＲＯ_５００ｍｌ×６×４_缶,1,3498,1
4901411091419,キリン　　　　　　　氷結　ＲＥＤ　　　　３５０ｍｌ,麒麟 氷結＜ＲＥＤ＞_３５０ｍｌ_缶,2,200,2
4901411091471,キリン　　　　　　　氷結　ＧＲＥＥＮ　　３５０ｍｌ,麒麟 氷結＜ＧＲＥＥＮ＞_３５０ｍｌ_缶,2,204,2
4901411091532,キリンのどごし　　　ＳＴＲＯＮＧ　　　　３５０ｍｌ,麒麟 のどごしＳＴＲＯＮＧ_３５０ｍｌ_缶,3,327,3
4901411091556,キリンのどごし　　　ＳＴＲＯＮＧ　　　　３５０ｍｌ×６,麒麟 のどごしＳＴＲＯＮＧ_３５０ｍｌ×６_缶,1,1256,2
4901411091570,キリンのどごし　　　ＳＴＲＯＮＧ　　　　５００ｍｌ,麒麟 のどごしＳＴＲＯＮＧ_５００ｍｌ_缶,1,158,1
4901411091716,キリン・ザストロングメロンソーダサワー　３５０ｍｌ,麒麟 キリン・ザ・ストロング＜メロンソーダサワー＞_３５０ｍｌ_缶,20,3143,31
4901411091754,キリン・ザ・ストロング　　ライムモヒート３５０ｍｌ,麒麟 キリン・ザ・ストロング＜ライムモヒート＞_３５０ｍｌ_缶,102,17295,172
4901411092553,零ＩＣＨＩ　　　　　３５０ｍｌ,麒麟 零ＩＣＨＩ_３５０ｍｌ_缶,71,11144,120
4901411092577,零ＩＣＨＩ　　　　　３５０ｍｌ　６缶,麒麟 零ＩＣＨＩ_３５０ｍｌ×６_缶,47,27303,51
4901411092867,キリン氷結ストロングライムシークヮーサー３５０ｍｌ,麒麟 氷結ストロング＜ライムシークヮーサー＞_３５０ｍｌ_缶,5,891,9
4901411092928,キリン氷結ストロングピーチ＆マンゴー　　３５０ｍｌ,麒麟 氷結ストロング＜ピーチ＆マンゴー＞_３５０ｍｌ_缶,1,101,1
4901411092980,零ＩＣＨＩ　　　　　５００ｍｌ,麒麟 零ＩＣＨＩ_５００ｍｌ_缶,2,298,2
4901411093604,氷結　　　　　　　　ｌｏｖｅｓアイスの実３５０ｍｌ,麒麟 氷結＜ｌｏｖｅｓアイスの実＞_３５０ｍｌ_缶,26,3760,36
4901411094212,氷結　熊本産スイカ　３５０ｍｌ,麒麟 氷結＜熊本産すいか＞_３５０ｍｌ_缶,22,4971,49
4901411094496,一番搾り景品付き　　３５０缶ケース　　　＜キリンビール＞,麒麟 一番搾り_３５０ｍｌ×６×４_缶,27,114324,24
4901411094533,本麒麟景品付き　　　３５０缶ケース　　　＜キリンビール＞,麒麟 本麒麟_３５０ｍｌ×６×４_缶,66,163648,67
4901411094571,のどごし生景品付き　３５０缶ケース　　　＜キリンビール＞,麒麟 のどごし＜生＞_３５０ｍｌ×６×４_缶,110,310189,128
4901411095677,オークマスター　　　樽薫る　　　　　　　６４０ｍｌ,麒麟 オークマスター_樽薫る_６４０ｍｌ,1,897,1
4901411096063,氷結ストロング　　　東北産りんご　　　　３５０ｍｌ,麒麟 氷結ストロング＜東北産りんご＞_３５０ｍｌ_缶,197,33939,336
4901411110219,キリン　ラガ―　　　５００ｍｌ瓶,麒麟 ラガービール_５００ｍｌ_瓶,1,2797,10
4901411110417,キリン　ラガー　　　３５０ｍｌ,麒麟 ラガービール_３５０ｍｌ_缶,5,1307,6
4901411110912,キリン　ラガー　　　５００ｍｌ,麒麟 ラガービール_５００ｍｌ_缶,1,278,1
4901411147314,キリン　秋味　　　　３５０ｍｌ,麒麟 秋味_３５０ｍｌ_缶,12,2923,15
4901411157504,キリン　ラガー　　　３５０ｍｌ×２４,麒麟 ラガービール_３５０ｍｌ×６×４_缶,1,4988,1
4901411157511,キリン　ラガー　　　３５０ｍｌ×６,麒麟 ラガービール_３５０ｍｌ×６_缶,3,3742,3
4901411157603,キリン　ラガー　　　５００ｍｌ×２４,麒麟 ラガービール_５００ｍｌ×６×４_缶,1,6589,1
4901411157702,一番搾り　　　　　　３５０ｍｌ×２４,麒麟 一番搾り_３５０ｍｌ×６×４_缶,35,174406,40
4901411157719,一番搾り　　　　　　３５０ｍｌ×６,麒麟 一番搾り_３５０ｍｌ×６_缶,350,415319,386
4901411157801,一番搾り　　　　　　５００ｍｌ×２４,麒麟 一番搾り_５００ｍｌ×６×４_缶,14,88176,15
4901411157818,一番搾り　　　　　　５００ｍｌ×６,麒麟 一番搾り_５００ｍｌ×６_缶,142,217965,149
4901411175218,一番搾り　　　　　　３５０ｍｌ,麒麟 一番搾り_３５０ｍｌ_缶,282,76899,399
4901411175317,一番搾り　　　　　　５００ｍｌ,麒麟 一番搾り_５００ｍｌ_缶,189,66089,254
4901411511009,キリン　秋味　　　　３５０ｍｌ×６×４　＜キリンビール＞,麒麟 秋味_３５０ｍｌ×６×４_缶,2,8936,2
4901411511016,キリン　秋味　　　　３５０ｍｌ×６缶　　＜キリンビール＞　　,麒麟 秋味_３５０ｍｌ×６_缶,34,44665,42
4901411512419,淡麗極上〈生〉　　　３５０ｍｌ,麒麟 淡麗極上＜生＞_３５０ｍｌ_缶,55,11906,89
4901411512501,淡麗極上〈生〉　　　３５０ｍｌ×２４,麒麟 淡麗極上＜生＞_３５０ｍｌ×６×４_缶,40,137598,47
4901411512518,淡麗極上〈生〉　　　３５０ｍｌ×６,麒麟 淡麗極上＜生＞_３５０ｍｌ×６_缶,126,112012,153
4901411512617,淡麗極上〈生〉　　　５００ｍｌ,麒麟 淡麗極上＜生＞_５００ｍｌ_缶,55,13703,74
4901411512709,淡麗極上〈生〉　　　５００ｍｌ×２４,麒麟 淡麗極上＜生＞_５００ｍｌ×６×４_缶,11,45489,11
4901411512716,淡麗極上〈生〉　　　５００ｍｌ×６,麒麟 淡麗極上＜生＞_５００ｍｌ×６_缶,35,41521,40
4901777008694,赤玉スイートワイン　（赤）　５５０ｍｌ　＜サントリー＞,サントリー 赤玉スイートワイン_５５０ｍｌ,33,19083,39
4901777026001,特撰　白角水割　　　２５０ｍｌ　　　　　＜サントリー＞,サントリー 特撰白角水割_２５０ｍｌ_缶,4,1534,10
4901777027114,カクテルバ―　　　　カシスソ―ダコンク　１８００ｍｌ,サントリー ザ・カクテルバー_カシスソーダ_１８００ｍｌ_コンク,1,1580,1
4901777042278,レッド　６４０ｍｌ,サントリー レッド_６４０ｍｌ,6,4407,6
4901777042285,ホワイト　６４０ｍｌ,サントリー ホワイト_６４０ｍｌ,9,13458,14
4901777042711,レッド　ジャンボ　　１９２０ｍｌ,サントリー レッド_１．９２Ｌ_ペット,8,18849,10
4901777045729,大　レッド　　　　　４０００ｍｌ,サントリー 大レッド_４Ｌ_ペット,10,42252,12
4901777045736,大　レッド　　　　　２７００ｍｌ,サントリー 大レッド_２．７Ｌ_ペット,2,4568,2
4901777046252,新ＶＯ　６４０ｍｌ,サントリー ブランデーＶ．Ｏ_６４０ｍｌ,30,30602,35
4901777151420,焙煎樽仕込み　梅酒　６６０ｍｌ,サントリー 山崎蒸溜所貯蔵焙煎樽仕込梅酒_６６０ｍｌ,5,5896,5
4901777180048,カルロロッシ　ＢＯＸ赤　３０００ｍｌ,カルロ・ロッシ・レッド_プティ・ヴェルド/ピノ・ノワール/ムールヴェードル/シラー_３Ｌ_ＢＩＢ,4,8600,5
4901777180055,カルロロッシ　ＢＯＸ白　３０００ｍｌ,カルロ・ロッシ・ホワイト_フレンチ・コロンバード/ミュスカ/シャルドネ_３Ｌ_ＢＩＢ,2,5040,3
4901777181656,梅酒にしませんか　　パック　２０００ｍｌ,サントリー 梅酒にしませんか。_２Ｌ_パック,46,38104,49
4901777181939,鏡月グリーン　　　　２０°ペット　　　　１８００ｍｌ,鏡月_２０度_韓国焼酎_１．８Ｌ_ペット,16,17113,17
4901777181953,鏡月グリーン　　　　２０°７００ｍｌ,鏡月_２０度_韓国焼酎_７００ｍｌ,10,12267,22
4901777181977,鏡月グリーン　　　　２５°７００ｍｌ,鏡月_２５度_韓国焼酎_７００ｍｌ,19,12482,19
4901777181991,鏡月グリーン　　　　２５°ペット　　　　１．８Ｌ,鏡月_２５度_韓国焼酎_１．８Ｌ_ペット,87,110501,101
4901777182011,鏡月グリーン　　　　２０°ペット　　　　２．７Ｌ,鏡月_２０度_韓国焼酎_２．７Ｌ_ペット,4,6487,4
4901777182035,鏡月グリーン　　　　２５°ペット　　　　２．７Ｌ,鏡月_２５度_韓国焼酎_２．７Ｌ_ペット,12,22883,13
4901777182059,鏡月グリーン　　　　２０°ペット　４Ｌ,鏡月_２０度_韓国焼酎_４Ｌ_ペット,8,21045,9
4901777182073,鏡月グリーン　　　　２５°４Ｌ,鏡月_２５度_韓国焼酎_４Ｌ_ペット,22,60071,24
4901777182134,鏡月　２０°　ペット２００ｍｌ,鏡月_２０度_韓国焼酎_２００ｍｌ_カップ,2,320,2
4901777182158,鏡月　２５°　ペット２００ｍｌ,鏡月_２５度_韓国焼酎_２００ｍｌ_カップ,12,2496,15
4901777185272,金麦　　　　　　　　３５０ｍｌ,サントリー 金麦_３５０ｍｌ_缶,376,63544,601
4901777185319,金麦　　　　　　　　５００ｍｌ,サントリー 金麦_５００ｍｌ_缶,426,93118,608
4901777185333,金麦　　　　　　　　３５０ｍｌ×６,サントリー 金麦_３５０ｍｌ×６_缶,1043,729895,1245
4901777185340,金麦　　　　　　　　３５０ｍｌ×２４,サントリー 金麦_３５０ｍｌ×６×４_缶,121,308428,131
4901777185357,金麦　　　　　　　　５００ｍｌ×６,サントリー 金麦_５００ｍｌ×６_缶,308,298041,343
4901777185364,金麦　　　　　　　　５００ｍｌ×２４,サントリー 金麦_５００ｍｌ×６×４_缶,62,219343,63
4901777187955,フレシネ　　　　　　コルドンネグロ　　　７５０ｍｌ,フレシネ・コルドン・ネグロ_７５０ｍｌ,1,1380,1
4901777188112,オールド　７００ｍｌ,サントリー ウイスキーオールド_７００ｍｌ,29,61530,39
4901777188198,スペシャルリザーブ　７００ｍｌ,サントリー スペシャルリザーブ_４０度_７００ｍｌ,8,18325,8
4901777188228,ローヤルスリムボトル６６０ｍｌ,サントリー ウイスキーローヤル_４３度_６６０ｍｌ,7,24271,9
4901777192607,－１９６℃ストロングゼロ　ダブルレモン　３５０ｍｌ,サントリー －１９６℃ストロングゼロ＜ダブルレモン＞_３５０ｍｌ_缶,769,157814,1716
4901777192614,－１９６℃ストロングゼロ　ダブルレモン　３５０ｍｌ×２４,サントリー －１９６℃ストロングゼロ＜ダブルレモン＞_３５０ｍｌ×２４_缶,17,51501,23
4901777192782,－１９６℃ストロングゼロ　ダブルレモン　５００ｍｌ,サントリー －１９６℃ストロングゼロ＜ダブルレモン＞_５００ｍｌ_缶,917,271327,2069
4901777192799,－１９６℃ストロングゼロ　ダブルレモン　５００ｍｌ×２４,サントリー －１９６℃ストロングゼロ＜ダブルレモン＞_５００ｍｌ×２４_缶,8,25603,8
4901777193369,ほろよい　　　　　　梅酒ソーダ　　　　　３５０ｍｌ,サントリー ほろよい＜梅酒ソーダ＞_３５０ｍｌ_缶,88,11844,125
4901777194304,梅酒にしませんか。　１０００ｍｌ,サントリー 梅酒にしませんか。_１Ｌ_パック,2,1139,2
4901777194625,酸化防止剤無添加の　おいしいワイン。　　赤　７２０ｍｌ,サントリー　無添加のおいしいワイン。赤　７２０ｍｌ,19,7801,20
4901777194632,酸化防止剤無添加の　おいしいワイン。　　白　７２０ｍｌ,サントリー　無添加のおいしいワイン　白　７２０ｍｌ,30,11616,31
4901777194649,酸化防止剤無添加赤　１．８Ｌパック　　　＜サントリーワイン＞,サントリー　無添加のおいしいワイン　赤　１．８Ｌ,15,13197,15
4901777194656,酸化防止剤無添加白　１．８Ｌパック　　　＜サントリーワイン＞,サントリー　無添加のおいしいワイン　白　１．８Ｌ,5,4081,5
4901777196698,ほろよい　　　　　　もも　　　　　　　　３５０ｍｌ,サントリー ほろよい＜もも＞_３５０ｍｌ_缶,462,56238,596
4901777197114,－１９６℃ストロングゼロ　ダブルＧＦ　　３５０ｍｌ,サントリー －１９６℃ストロングゼロ＜ダブルグレープフルーツ＞_３５０ｍｌ_缶,463,76213,828
4901777197138,－１９６℃ストロングゼロ　ダブルＧＦ　　３５０ｍｌ×２４,サントリー －１９６℃ストロングゼロ＜ダブルグレープフルーツ＞_３５０ｍｌ×２４_缶,3,6778,3
4901777197145,－１９６℃ストロングゼロ　ダブルＧＦ　　５００ｍｌ,サントリー －１９６℃ストロングゼロ＜ダブルグレープフルーツ＞_５００ｍｌ_缶,556,119416,912
4901777197152,－１９６℃ストロングゼロ　ダブルＧＦ　　５００ｍｌ×２４,サントリー －１９６℃ストロングゼロ＜ダブルグレープフルーツ＞_５００ｍｌ×２４_缶,1,3200,1
4901777199460,大樹氷２５°　　　　４０００ｍｌ,サントリー 新大樹氷_２５度_甲_４Ｌ_ペット,7,14174,7
4901777199538,大樹氷２５°　　　　２７００ｍｌ,サントリー 新大樹氷_２５度_甲_２．７Ｌ_ペット,5,6727,5
4901777199552,大樹氷２０°　　　　２７００ｍｌ,サントリー 新大樹氷_２０度_甲_２．７Ｌ_ペット,1,1228,1
4901777201439,角ハイボール　　　　３５０ｍｌ,サントリー 角ハイボール_３５０ｍｌ_缶,219,73902,450
4901777204706,ほろよい　　　　　　白いサワー　　　　　３５０ｍｌ,サントリー ほろよい＜白いサワー＞_３５０ｍｌ_缶,581,76685,819
4901777207202,角ハイボール　　　　５００ｍｌ,サントリー 角ハイボール_５００ｍｌ_缶,35,15207,67
4901777207288,－１９６℃ストロングゼロ　ダブルレモン　３５０ｍｌ×６,サントリー －１９６℃ストロングゼロ＜ダブルレモン＞_３５０ｍｌ×６_缶,6,3405,6
4901777207295,－１９６℃ストロングゼロ　ダブルレモン　３５０ｍｌ×６×４,サントリー －１９６℃ストロングゼロ＜ダブルレモン＞_３５０ｍｌ×６×４_缶,2,4334,2
4901777210912,－１９６℃ストロングゼロＷシークワーサー３５０ｍｌ,サントリー －１９６℃ストロングゼロ＜ダブルシークヮーサー＞_３５０ｍｌ_缶,409,67434,733
4901777210929,－１９６℃ストロングゼロ　シークワーサー３５０ｍｌ×２４,サントリー －１９６℃ストロングゼロ＜沖縄シークヮーサ＞_３５０ｍｌ×２４_缶,3,8970,4
4901777210936,－１９６℃ストロングゼロＷシークワーサー５００ｍｌ,サントリー －１９６℃ストロングゼロ＜ダブルシークヮーサー＞_５００ｍｌ_缶,274,67840,519
4901777211629,トリス　エクストラ　７００ｍｌ　　　　　＜サントリー＞,サントリー トリス＜エクストラ＞_７００ｍｌ,4,3645,4
4901777211742,ほろよい　　　　　　ぶどうサワー　　　　３５０ｍｌ,サントリー ほろよい＜グレープ＞_３５０ｍｌ_缶,373,42455,453
4901777212008,トリス　ハイボール　３５０ｍｌ,サントリー トリスハイボール_３５０ｍｌ_缶,282,83462,634
4901777214590,ほろよい　　　　　　アイスティーサワー　３５０ｍｌ,サントリー ほろよい＜アイスティサワー＞_３５０ｍｌ_缶,506,72243,760
4901777214606,ほろよい　　　　　　アイスティーサワー　３５０ｍｌ×２４,サントリー ほろよい＜アイスティサワー＞_３５０ｍｌ×２４_缶,1,4639,2
4901777215016,トリスハイボール　　５００ｍｌ,サントリー トリスハイボール_５００ｍｌ_缶,119,45359,251
4901777217201,ジョッキ生　　　　　３５０ｍｌ×６,サントリー ジョッキ生_３５０ｍｌ×６_缶,1,1395,2
4901777217973,ソウルマッコリ　　　３５０ｍｌ,ソウルマッコリ_３５０ｍｌ_缶,3,726,5
4901777218581,ほろよい　　　　　　はちみつレモン　　　３５０ｍｌ,サントリー ほろよい＜はちみつレモン＞_３５０ｍｌ_缶,117,14341,151
4901777222175,のんある気分　　　　ソルティドッグ　　　３５０ｍｌ,サントリー のんある気分＜ソルティドッグテイスト＞_３５０ｍｌ_缶,15,2019,21
4901777222199,のんある気分　　　　ジンライム　　　　　３５０ｍｌ,サントリー のんある気分＜ジンライムテイスト＞_３５０ｍｌ_缶,5,637,7
4901777222212,のんある気分　　　　カシスオレンジ　　　３５０ｍｌ,サントリー のんある気分＜カシスオレンジテイスト＞_３５０ｍｌ_缶,98,11919,127
4901777222861,－１９６℃ストロングゼロ　ダブル完熟梅　３５０ｍｌ,サントリー －１９６℃ストロングゼロ＜ダブル完熟梅＞_３５０ｍｌ_缶,195,34369,378
4901777222908,－１９６℃ストロングゼロ　ダブル完熟梅　５００ｍｌ,サントリー －１９６℃ストロングゼロ＜ダブル完熟梅＞_５００ｍｌ_缶,14,10304,77
4901777227071,まるで梅酒なノンアルコール　　　　　　　２８０ｍｌ,サントリー まるで梅酒なノンアルコール_２８０ｍｌ_缶,1,1179,7
4901777229747,－１９６℃無糖クリアレモン＆ライム　　　３５０ｍｌ,サントリー －１９６℃無糖クリア＜レモン＆ライム＞_３５０ｍｌ_缶,1,600,6
4901777229846,のんある気分　　　　地中海レモン　　　　３５０ｍｌ,サントリー のんある気分＜地中海レモン＞_３５０ｍｌ_缶,74,10901,129
4901777230071,金麦　糖質オフ　　　３５０ｍｌ,サントリー 金麦＜糖質７５％オフ＞_３５０ｍｌ_缶,241,43672,415
4901777230156,金麦　糖質オフ　　　３５０ｍｌ×６,サントリー 金麦＜糖質７５％オフ＞_３５０ｍｌ×６_缶,493,350167,583
4901777230163,金麦　糖質オフ　　　３５０ｍｌ×２４,サントリー 金麦＜糖質７５％オフ＞_３５０ｍｌ×６×４_缶,132,347265,146
4901777230170,金麦　糖質オフ　　　５００ｍｌ,サントリー 金麦＜糖質７５％オフ＞_５００ｍｌ_缶,46,10596,68
4901777230194,金麦　糖質オフ　　　５００ｍｌ×６,サントリー 金麦＜糖質７５％オフ＞_５００ｍｌ×６_缶,55,55909,65
4901777230200,金麦　糖質オフ　　　５００ｍｌ×２４,サントリー 金麦＜糖質７５％オフ＞_５００ｍｌ×６×４_缶,11,45980,13
4901777232518,のんある気分　　　　地中海Ｇフルーツ　　３５０ｍｌ,サントリー のんある気分＜地中海グレープフルーツ缶＞_３５０ｍｌ_缶,8,960,10
4901777235519,角ハイボール　　　　濃いめ　　　　　　　３５０ｍｌ,サントリー 角ハイボール＜濃いめ＞_３５０ｍｌ_缶,162,58746,359
4901777236851,酸化防止剤無添加　　濃い赤７２０ｍｌ　　＜サントリーワイン＞,サントリー無添加のおいしいワイン。濃い赤７２０ｍｌ,45,20156,53
4901777236868,酸化防止剤無添加　　濃い赤１．８Ｌパック＜サントリーワイン＞,サントリー　無添加のおいしいワイン濃い赤　１．８Ｌ,35,38865,45
4901777239319,ふんわり鏡月アセロラ７００ｍｌ,ふんわり鏡月_アセロラ_７００ｍｌ,40,23085,40
4901777240872,－１９６℃ストロングゼロ　桃ダブル　　　３５０ｍｌ,サントリー －１９６℃ストロングゼロ＜桃ダブル＞_３５０ｍｌ_缶,144,19074,211
4901777240889,－１９６℃ストロングゼロ　桃ダブル　　　３５０ｍｌ×２４,サントリー －１９６℃ストロングゼロ＜桃ダブル＞_３５０ｍｌ×２４_缶,1,2400,1
4901777240971,－１９６℃ストロングゼロ　ドライ　　　　３５０ｍｌ,サントリー －１９６℃ストロングゼロ＜ドライ＞_３５０ｍｌ_缶,363,85600,928
4901777240988,－１９６℃ストロングゼロ　ドライ　　　　３５０ｍｌ×２４,サントリー －１９６℃ストロングゼロ＜ドライ＞_３５０ｍｌ×２４_缶,1,2259,1
4901777241015,－１９６℃ストロングゼロ　ドライ　　　　５００ｍｌ,サントリー －１９６℃ストロングゼロ＜ドライ＞_５００ｍｌ_缶,468,169803,1289
4901777241022,－１９６℃ストロングゼロ　ドライ　　　　５００ｍｌ×２４,サントリー －１９６℃ストロングゼロ＜ドライ＞_５００ｍｌ×２４_缶,2,6016,2
4901777241206,カクテルカロリ　　　マスカットピーチ　　３５０ｍｌ,サントリー カクテルカロリ。＜マスカットピーチ＞_３５０ｍｌ_缶,1,200,2
4901777246409,彩食健美　赤　　　　７２０ｍｌ　　　　　＜サントリー＞,サントリー　彩食健美　赤　瓶　７２０ｍｌ,1,478,1
4901777246706,彩食健美　赤パック　１８００ｍｌ　　　　＜サントリー＞,サントリー 彩食健美赤_１．８Ｌ,1,1900,2
4901777246713,彩食健美　白パック　１８００ｍｌ　　　　＜サントリー＞,サントリー　彩食健美　白　紙パック　１．８Ｌ,1,657,1
4901777247277,ほろよい　　　　　　カシスとオレンジ　　３５０ｍｌ,サントリー ほろよい＜カシスとオレンジ＞_３５０ｍｌ_缶,82,10408,110
4901777248717,ふんわり鏡月　ゆず　７００ｍｌ,ふんわり鏡月_ゆず_７００ｍｌ,11,6231,11
4901777252981,カロリ　　　　　　　地中海レモン　　　　３５０ｍｌ,サントリー カロリ。＜地中海レモン＞_３５０ｍｌ_缶,4,1387,16
4901777253063,カロリ　　　　　　　巨峰　　　　　　　　３５０ｍｌ,サントリー カロリ。＜巨峰＞_３５０ｍｌ_缶,4,686,9
4901777254343,ふんわり鏡月うめ　　７００ｍｌ,ふんわり鏡月_うめ_７００ｍｌ,2,1136,2
4901777254923,澄みわたる梅酒　　　５００ｍｌ,サントリー 澄みわたる梅酒_５００ｍｌ,7,3319,7
4901777260825,のんある気分　　　　梅酒サワーテイスト　３５０ｍｌ,サントリー のんある気分＜梅酒サワーテイスト＞_３５０ｍｌ_缶,28,3771,40
4901777261754,ほろよい　　　　　　グレフルソルティ　　３５０ｍｌ,サントリー ほろよい＜グレフルソルティ＞_３５０ｍｌ_缶,69,9195,97
4901777266339,－１９６℃ストロングゼロ桃ダブル　　　　５００ｍｌ,サントリー －１９６℃ストロングゼロ＜桃ダブル＞_５００ｍｌ_缶,15,2954,22
4901777266407,サントリー　　　　　金麦琥珀のくつろぎ　３５０ｍｌ,サントリー 金麦＜琥珀のくつろぎ＞_３５０ｍｌ_缶,29,3471,34
4901777266728,サントリー　　　　　金麦琥珀のくつろぎ　３５０ｍｌ６Ｐ,サントリー 金麦＜琥珀のくつろぎ＞_３５０ｍｌ×６_缶,64,48520,83
4901777266735,サントリー　　　　　金麦琥珀のくつろぎ　３５０ｍｌケース,サントリー 金麦＜琥珀のくつろぎ＞_３５０ｍｌ×６×４_缶,5,12140,5
4901777268050,こくしぼり　　　　　グレープフルーツ　　３５０ｍｌ,サントリー こくしぼり＜グレープフルーツ＞_３５０ｍｌ_缶,6,1580,20
4901777268197,こくしぼり　　　　　レモンライム　　　　３５０ｍｌ,サントリー こくしぼり＜レモン＆ライム＞_３５０ｍｌ_缶,7,928,11
4901777269279,金麦クリアラベル　　３５０ｍｌ×６,サントリー 金麦クリアラベル_３５０ｍｌ×６_缶,1,417,1
4901777270497,澄みわたる葡萄酒　　５００ｍｌ,サントリー 澄みわたる葡萄酒_５００ｍｌ,3,1426,3
4901777270701,－１９６℃ストロングゼロダブルＧＦ　　　３５０ｍｌ×６,サントリー －１９６℃ストロングゼロ＜ダブルグレープフルーツ＞_３５０ｍｌ×６_缶,1,578,1
4901777272637,こくしぼり　　　　　芳醇ぶどう　　　　　３５０ｍｌ,サントリー こくしぼりプレミアム＜芳醇ぶどう＞_３５０ｍｌ_缶,8,1597,11
4901777275676,ザ・モルツ　　　　　３５０ｍｌ,サントリー ザ・モルツ_３５０ｍｌ_缶,1,197,1
4901777276666,こくしぼり　　　　　豊潤もも　　　　　　３５０ｍｌ,サントリー こくしぼりプレミアム＜豊潤もも＞_３５０ｍｌ_缶,5,707,5
4901777277663,サンタバイサンタ　　カベルネシラー　　　７５０ｍｌ,サンタ・バイ・サンタ・カロリーナ_カベルネ・ソーヴィニヨン/シラー_７５０ｍｌ,15,6355,15
4901777277700,サンタバイサンタ　　ソーヴィニヨンＣＨ　７５０ｍｌ,サンタ・バイ・サンタ・カロリーナ_ソーヴィニヨン・ブラン/シャルドネ_７５０ｍｌ,6,2424,6
4901777279421,知多　　　　　　　　７００ｍｌ,サントリー ウイスキー知多_７００ｍｌ,4,15116,4
4901777280038,トリスクラシック　　７００ｍｌ,サントリー トリス＜クラシック＞_７００ｍｌ,336,236643,371
4901777280076,トリスクラシック　　２７００ｍｌ,サントリー トリス＜クラシック＞_２．７Ｌ_ペット,35,88078,36
4901777280090,トリスクラシック　　４０００ＭＬ,サントリー トリス＜クラシック＞_４Ｌ_ペット,6,20783,6
4901777283497,こくしぼり　　　　　ピンクＧＦ　　　　　３５０ｍｌ,サントリー こくしぼり＜ピンクグレープフルーツ＞_３５０ｍｌ_缶,10,1767,18
4901777283893,ジム・ビーム　　　　７００ｍｌ,ジムビーム_７００ｍｌ,90,99969,95
4901777283923,ジムビーム　　　　　ホワイト　　　　　　１Ｌ,ジムビーム_１Ｌ,2,3358,2
4901777284289,角瓶　　　　　　　　７００ｍｌ,サントリー ウイスキー角瓶_７００ｍｌ,180,251929,200
4901777284326,角瓶　　　　　　　　４０００ｍｌ,サントリー ウイスキー角瓶_４Ｌ_ペット,19,129591,20
4901777284340,角瓶　　　　　　　　２７００ｍｌ,サントリー ウイスキー角瓶_２．７Ｌ_ペット,37,178249,40
4901777284364,角瓶　　　　　　　　１９２０ｍｌ,サントリー ウイスキー角瓶_１．９２Ｌ_ペット,19,65264,19
4901777284401,角瓶　　　　　　　　１８０ｍｌ,サントリー ウイスキー角瓶_１８０ｍｌ,1,497,1
4901777284425,白角　　　　　　　　７００ｍｌ,サントリー ウイスキー白角_７００ｍｌ,1,1298,1
4901777284791,ほろよい　　　　　　白ぶどう　　　　　　３５０ｍｌ,サントリー ほろよい＜白ぶどう＞_３５０ｍｌ_缶,353,39684,422
4901777284883,ふんわり鏡月ライチ　７００ｍｌ,ふんわり鏡月_ライチ_７００ｍｌ,5,2871,5
4901777285026,サンタバイサンタ　　カルメネール　　　　７５０ｍｌ,サンタ・バイ・サンタ・カロリーナ_カルメネール/プティ・ヴェルド_７５０ｍｌ,28,19241,43
4901777285040,トリスハイボール　　濃いめ　　　　　　　３５０ｍｌ,サントリー トリスハイボール＜キリッと濃いめ＞_３５０ｍｌ_缶,39,14659,112
4901777285125,カルロロッシ　　　　レッド　　　　　　　７２０ｍｌ,カルロ・ロッシ・レッド_プティ・ヴェルド/ピノ・ノワール/ムールヴェードル/シラー_７２０ｍｌ,1,1100,2
4901777285132,カルロロッシ　　　　ホワイト　　　　　　７２０ｍｌ,カルロ・ロッシ・ホワイト_フレンチ・コロンバード/ミュスカ/シャルドネ_７２０ml,1,550,1
4901777285859,オールフリー　　　　コラーゲン　　　　　３５０ＭＬ,サントリー オールフリー＜コラーゲンリッチ＞_３５０ｍｌ_缶,35,4640,52
4901777285873,オールフリー　　　　コラーゲン　　　　　３５０ｍｌ×６,サントリー オールフリー＜コラーゲンリッチ＞_３５０ｍｌ×６_缶,34,19128,37
4901777285880,オールフリー　　　　コラーゲン　　　　　３５０ＭＬ×６缶×４,サントリー オールフリー＜コラーゲンリッチ＞_３５０ｍｌ×６×４_缶,1,1939,1
4901777287099,ほろよい　　　　　　ラムネサワー　　　　３５０ｍｌ,サントリー ほろよい＜ラムネサワー＞_３５０ｍｌ_缶,43,4854,52
4901777287815,サントリー超たっぷりポリフェノール２倍赤７２０ＭＬ,超たっぷりポリフェノール２倍のおいしい赤ワイン。７２０ｍｌ　ペット,52,22217,58
4901777287822,サントリー超たっぷりポリフェノール２倍赤１８００ＭＬ,超たっぷり　ポリフェノール２倍のおいしい赤ワイン。１．８Ｌ紙パック,34,31731,44
4901777291256,ほろよい　　　　　　ひんやり梨　　　　　３５０ｍｌ,サントリー ほろよい＜ひんやり梨＞_３５０ｍｌ_缶,6,1402,14
4901777293328,ほろよい　　　　　　冷やしパイン　　　　３５０ｍｌ,サントリー ほろよい＜冷やしパイン＞_３５０ｍｌ_缶,16,1704,18
4901777293656,－１９６℃ストロングゼロビターレモン　　３５０ｍｌ,サントリー －１９６℃ストロングゼロ＜ビターレモン＞_３５０ｍｌ_缶,413,75214,818
4901777293670,－１９６℃ストロングゼロビターレモン　　５００ｍｌ,サントリー －１９６℃ストロングゼロ＜ビターレモン＞_５００ｍｌ_缶,105,32030,255
4901777294257,のんある気分　　　　巨峰サワーテイスト　３５０ｍｌ,サントリー のんある気分＜巨峰サワーテイスト＞_３５０ｍｌ_缶,68,6934,74
4901777294738,デリカメゾン　　　　赤　　　　　　　　　７２０ｍｌＰＥＴ,サントリー デリカメゾン赤_７２０ｍｌ,25,7873,28
4901777294752,デリカメゾン　　　　白　　　　　　　　　７２０ｍｌＰＥＴ,サントリー デリカメゾン白_７２０ｍｌ,24,7340,26
4901777294790,デリカメゾン　　　　赤甘口　　　　　　　７２０ｍｌＰＥＴ,サントリー デリカメゾン（甘口）赤_７２０ｍｌ,2,594,2
4901777294813,デリカメゾン　　　　赤　　　　　　　　　１．８Ｌパック,サントリー デリカメゾン赤_１．８Ｌ,22,17601,24
4901777294837,デリカメゾン　　　　白　　　　　　　　　１．８Ｌパック,サントリー デリカメゾン白_１．８Ｌ,26,23242,32
4901777295575,ふんわり鏡月　　　　アセロラ　　　　　　１８００ｍｌ,ふんわり鏡月_アセロラ_１．８Ｌ_ペット,6,10056,7
4901777299641,－１９６℃ストロングゼロ青りんご　　　　３５０ｍｌ,サントリー －１９６℃ストロングゼロ＜まるごと青りんご＞_３５０ｍｌ_缶,2,337,4
4901777299689,－１９６℃ストロングゼロ葡萄ダブル　　　３５０ｍｌ,サントリー －１９６℃ストロングゼロ＜葡萄ダブル＞_３５０ｍｌ_缶,491,67055,729
4901777299696,－１９６℃ストロングゼロ葡萄ダブル　　　３５０ｍｌ×２４,サントリー －１９６℃ストロングセロ＜葡萄ダブル＞_３５０ｍｌ×２４_缶,1,1832,1
4901777299702,－１９６℃ストロングゼロ葡萄ダブル　　　５００ｍｌ,サントリー －１９６℃ストロングゼロ＜葡萄ダブル＞_５００ｍｌ_缶,13,2400,18
4901777301412,ふんわり鏡月　　　　クリアライム　　　　７００ｍｌ,鏡月クリア＜クリアライム＞_７００ｍｌ,15,8607,15
4901777301436,ふんわり鏡月　　　　クリアライム　　　　１８００ｍｌ,鏡月クリア＜クリアライム＞_１．８Ｌ_ペット,4,5923,4
4901777301719,すっきりほろよい　　レモン　　　　　　　３５０ｍｌ,サントリー すっきりほろよい＜レモン＞_３５０ｍｌ_缶,30,4634,50
4901777302044,すっきりほろよい　　青リンゴ　　　　　　３５０ｍｌ,サントリー すっきりほろよい＜青りんご＞_３５０ｍｌ_缶,180,22166,237
4901777302204,ザ・プレミアムモルツ３５０ｍｌ,サントリー ザ・プレミアム・モルツ_３５０ｍｌ_缶,102,30811,145
4901777302228,ザ・プレミアムモルツ５００ｍｌ,サントリー ザ・プレミアム・モルツ_５００ｍｌ_缶,10,2532,10
4901777302303,ザ・プレミアムモルツ３５０ｍｌ×６,サントリー ザ・プレミアム・モルツ_３５０ｍｌ×６_缶,89,121188,102
4901777302310,ザ・プレミアムモルツ３５０ｍｌ×２４,サントリー ザ・プレミアム・モルツ_３５０ｍｌ×６×４_缶,10,49011,10
4901777302440,アイスジン５００ｍｌ,サントリー アイスジン_５００ｍｌ,1,769,1
4901777302464,ザ・プレミアムモルツ５００ｍｌ×６,サントリー ザ・プレミアム・モルツ_５００ｍｌ×６_缶,5,7601,5
4901777302525,アイスウオツカ５００ｍｌ,サントリー アイスウォッカ_５００ｍｌ,1,769,1
4901777302754,アイスジン　　　　　レモン＆ライム　　　５００ｍｌ,サントリー アイスジン＜レモン＆ライム＞_５００ｍｌ,1,697,1
4901777302778,アイスウオツカ　　　グレープフルーツ　　５００ｍｌ,サントリー アイスウォッカ＜グレープフルーツ＞_５００ｍｌ,2,1067,2
4901777302860,－１９６℃ストロングゼロビターオレンジ　３５０ｍｌ,サントリー －１９６℃ストロングゼロ＜ビターオレンジ＞_３５０ｍｌ_缶,55,7845,86
4901777302884,－１９６℃ストロングゼロビターオレンジ　５００ｍｌ,サントリー －１９６℃ストロングゼロ＜ビターオレンジ＞_５００ｍｌ_缶,12,5451,41
4901777305311,超たっぷり有機酸２倍おいしい白ワイン　　７２０ｍｌ,超たっぷり　有機酸（白）７２０ｍｌペット,6,2322,6
4901777305335,超たっぷり有機酸２倍おいしい白ワイン　　１８００ｍｌ,超たっぷり　有機酸（白）１．８Ｌ紙パック,1,750,1
4901777306578,ジムビーム　　　　　ハイボール　　　　　３５０ｍｌ,サントリー ジムビームハイボール_３５０ｍｌ_缶,80,26510,204
4901777308121,麦焼酎むぎのか　　　まろやか　２５°　　１８００ＭＬ,サントリー むぎのか＜まろやか＞_２５度_混和_１．８Ｌ_パック,8,9507,9
4901777308190,おいしいワイン。　　贅沢コクの赤ペット　７２０ＭＬ,無添加のおいしいワイン。贅沢コクの赤７２０ｍｌ,15,6300,17
4901777308220,サンタカロリーナ　　クールホワイト　　　ブレンド　７５０ＭＬ,サンタバイサンタ　クールホワイトブレンド　750ml,1,478,1
4901777308244,おいしいワイン。贅沢コクの赤パック　　　１８００ＭＬ,無添加のおいしいワイン。贅沢コクの赤１．８Ｌ,3,2974,3
4901777310070,サウザクーラー　　　２７５ＭＬ,サウザクーラー_２７５ｍｌ_瓶,23,3857,20
4901777311152,明日のレモンサワー　３５０ｍｌ,サントリー 明日の＜レモンサワー＞_３５０ｍｌ_缶,125,23286,239
4901777311190,明日のウメサワー　　３５０ｍｌ,サントリー 明日の＜ウメサワー＞_３５０ｍｌ_缶,14,2587,27
4901777312456,デリカメゾン　　　　濃いめ赤ペット　　　７２０ＭＬ,サントリー デリカメゾン（濃いめ）赤_７２０ｍｌ,5,1372,5
4901777314818,－１９６℃ストロングゼロ　ビターライム　　　　３５０ｍｌ,サントリー －１９６℃ストロングゼロ＜ビターライム＞_３５０ｍｌ_缶,147,24264,269
4901777314832,－１９６℃ストロングゼロ　ビターライム　５００ｍｌ,サントリー －１９６℃ストロングゼロ＜ビターライム＞_５００ｍｌ_缶,38,8532,64
4901777314856,デリカメゾン　　　　（濃いめ）１．８Ｌ,サントリー デリカメゾン（濃いめ）赤_１．８Ｌ,11,8882,12
4901777316782,オールフリー　　　　３５０ｍｌ,サントリー オールフリー_３５０ｍｌ_缶,411,65088,700
4901777316805,オールフリー　　　　５００ｍｌ,サントリー オールフリー_５００ｍｌ_缶,20,4055,31
4901777317079,オールフリー　　　　３５０ｍｌＸ６,サントリー オールフリー_３５０ｍｌ×６_缶,152,91777,172
4901777317086,オールフリー　　　　３５０ｍｌＸ２４,サントリー オールフリー_３５０ｍｌ×６×４_缶,10,22989,11
4901777317093,オールフリー　　　　５００ｍｌＸ６,サントリー オールフリー_５００ｍｌ×６_缶,21,17085,23
4901777317475,こだわり酒場の　　　レモンサワーの素　　５００ｍｌ,サントリー こだわり酒場のレモンサワーの素_５００ｍｌ,196,137883,238
4901777317932,頂　３５０ｍｌ,サントリー 頂＜いただき＞_３５０ｍｌ_缶,1,109,1
4901777319271,明日の焼酎サワー　　３５０ｍｌ,サントリー 明日の＜焼酎サワー＞_３５０ｍｌ_缶,6,800,8
4901777321540,ほろよい　　　　　　みかんサワー　　　　３５０ｍｌ,サントリー ほろよい＜ひんやりみかんサワー＞_３５０ｍｌ_缶,2,180,2
4901777321748,こくしぼりプレミアム贅沢カシスオレンジ　３５０ｍｌ,サントリー こくしぼりプレミアム＜贅沢カシスオレンジ＞_３５０ｍｌ_缶,1,138,1
4901777323759,ほろよい　　　　　　塩すいか　　　　　　３５０ｍｌ,サントリー ほろよい＜塩すいか＞_３５０ｍｌ_缶,22,3131,33
4901777324190,ほろよい　　　　　　キウイサワー　　　　３５０ｍｌ,サントリー ほろよい＜キウイサワー＞_３５０ｍｌ_缶,13,1500,15
4901777324640,オールフリー　　　　ライムショット　　　３５０ｍｌ,サントリー オールフリー＜ライムショット＞_３５０ｍｌ_缶,13,1722,19
4901777324824,オールフリー　　　　ライムショット　　　３５０ｍｌＸ６,サントリー オールフリー＜ライムショット＞_３５０ｍｌ×６_缶,15,8983,17
4901777331167,－１９６℃ストロングゼロトリプルピーチ３５０ｍｌ,サントリー －１９６℃ストロングゼロ＜トリプルピーチ＞_３５０ｍｌ_缶_イオン,3,400,4
4901777331358,からだを想うオールフリー３５０ｍｌ缶,サントリー からだを想うオールフリー_３５０ｍｌ_缶,36,6223,69
4901777332508,こだわり酒場の　　　レモンサワー　　　　３５０ｍｌ,サントリー こだわり酒場のレモンサワー_３５０ｍｌ_缶,734,158107,1670
4901777332515,こだわり酒場の　　　レモンサワー　　　　３５０ｍｌＸ２４,サントリー こだわり酒場のレモンサワー_３５０ｍｌ×２４_缶,10,22720,10
4901777332522,こだわり酒場の　　　レモンサワー　　　　５００ｍｌ,サントリー こだわり酒場のレモンサワー_５００ｍｌ_缶,662,191995,1466
4901777332539,こだわり酒場の　　　レモンサワー　　　　５００ｍｌＸ２４,サントリー こだわり酒場のレモンサワー_５００ｍｌ×２４_缶,5,18958,6
4901777333086,ほろよい　　　　　　コーラサワー　　　　３５０ｍｌ,サントリー ほろよい＜コーラサワー＞_３５０ｍｌ_缶,46,6591,69
4901777333109,ほろよい　　　　　　ジンジャー　　　　　３５０ｍｌ,サントリー ほろよい＜ジンジャー＞_３５０ｍｌ_缶,68,9898,104
4901777333123,ほろよい　　　　　　サイダーサワー　　　３５０ｍｌ,サントリー ほろよい＜サイダーサワー＞_３５０ｍｌ_缶,150,19595,209
4901777333567,金麦ゴールドラガー　３５０ｍｌ,サントリー 金麦＜ゴールド・ラガー＞_３５０ｍｌ_缶,174,27021,252
4901777333581,金麦ゴールドラガー　３５０ｍｌ×６,サントリー 金麦＜ゴールド・ラガー＞_３５０ｍｌ×６_缶,308,214899,357
4901777333598,金麦ゴールドラガー　３５０ｍｌ×２４,サントリー 金麦＜ゴールド・ラガー＞_３５０ｍｌ×６×４_缶,36,99284,41
4901777333628,金麦ゴールドラガー　５００ｍｌ,サントリー 金麦＜ゴールド・ラガー＞_５００ｍｌ_缶,58,10939,72
4901777333642,金麦ゴールドラガー　５００ｍｌ×６,サントリー 金麦＜ゴールド・ラガー＞_５００ｍｌ×６_缶,51,48633,56
4901777333659,金麦ゴールドラガー　５００ｍｌ×２４,サントリー 金麦＜ゴールド・ラガー＞_５００ｍｌ×６×４_缶,5,20998,6
4901777333727,マグナムドライ　　　〈本辛口〉　　　　　３５０ｍｌ,サントリー マグナムドライ＜本辛口＞_３５０ｍｌ_缶,26,4106,41
4901777333741,マグナムドライ　　　〈本辛口〉　　　　　３５０ｍｌ×６,サントリー マグナムドライ＜本辛口＞_３５０ｍｌ×６_缶,33,23620,45
4901777333758,マグナムドライ　　　〈本辛口〉　　　　　３５０ｍｌ×６×４,サントリー マグナムドライ＜本辛口＞_３５０ｍｌ×６×４_缶,8,17218,9
4901777333789,マグナムドライ　　　〈本辛口〉　　　　　５００ｍｌ×６,サントリー マグナムドライ＜本辛口＞_５００ｍｌ×６_缶,1,879,1
4901777335813,ザ・プレミアムモルツ景品付き　　　　　　３５０ｍｌ×１２,サントリー ザ・プレミアム・モルツ_３５０ｍｌ×１２_缶,10,24118,10
4901777335820,ザ・プレミアムモルツ新電動神泡サーバー付３５０ｍｌ×２４,サントリー ザ・プレミアム・モルツ_３５０ｍｌ×１２×２_缶,1,4908,1
4901777337015,こだわり酒場の　　　レモンサワー　　　　３５０ｍｌ×６Ｐ,サントリー こだわり酒場のレモンサワー_３５０ｍｌ×６_缶,21,15627,28
4901777338746,ほろよい　　　　　　白いサワーマンゴー　３５０ｍｌ,サントリー ほろよい＜白いサワーマンゴー＞_３５０ｍｌ_缶,19,2055,21
4901777338760,ほろよい　　　　　　白いサワーアロエ　　３５０ｍｌ,サントリー ほろよい＜白いサワーアロエ＞_３５０ｍｌ_缶,17,1881,20
4901777339026,からだを想うオールフリー３５０ｍｌ缶６缶,サントリー からだを想うオールフリー_３５０ｍｌ×６_缶,80,49136,92
4901777339033,からだを想うオールフリー３５０ｍｌ缶６缶ケース,サントリー からだを想うオールフリー_３５０ｍｌ×６×４_缶,4,6339,3
4901777341562,サントリー　　　　　金麦３５０ｍｌケース景品付き,サントリー 金麦_３５０ｍｌ×６×４_缶,221,565555,238
4901777342927,ほろよい　　　　　　洋梨＆りんご　　　　３５０ｍｌ,サントリー ほろよい＜洋梨＆りんご＞_３５０ｍｌ_缶,272,36988,381
4901808023290,沢の鶴　米だけの酒　パック　　　　　　　１８００ｍｌ,沢の鶴 ＮＢ_米だけの酒純米酒_１．８Ｌ_パック,14,19163,18
4901808025058,沢の鶴　丹頂　　　　１．５カップ　　　　２７０ｍｌ,沢の鶴 ＮＢ_丹頂１．５ＣＵＰ普通酒_２７０ｍｌ_カップ,4,922,5
4901810819959,トップバリュ　バーリアル　３つのフリー　３５０ｍｌ,イオン トップバリュバーリアル_３つのフリー_３５０ｍｌ_缶,1,77,1
4901810819966,トップバリュ　バーリアル　３つのフリー　３５０ｍｌ×６缶,イオン トップバリュバーリアル_３つのフリー_３５０ｍｌ×６_缶,1,349,1
4901810972203,ＴＶチューハイ　　　レモン　カロリーＨ　５００ｍｌＮＥＷ,イオン トップバリュチューハイカロリーハーフ＜レモン＞_５００ｍｌ_缶,1,874,8
4901880110666,黒ラベル　大瓶　　　６３３ｍｌ,サッポロ 黒ラベル_６３３ｍｌ_瓶,2,1003,3
4901880842000,ポリフェノール　　　たっぷり赤ワイン　　１８００ｍｌ,サッポロ ポリフェノールでおいしさアップたっぷりサイズの赤ワイン_１．８Ｌ,28,29214,32
4901880842017,有機酸おいしさアップたっぷり白ワイン　　１８００ｍｌ,サッポロ 有機酸でおいしさアップたっぷりサイズの白ワイン_１．８Ｌ,1,1900,2
4901880846824,イエローテイル　　　カベルネＳ　赤　　　７５０ｍｌ,イエローテイル・カベルネ・ソーヴィニヨン７５０ｍｌ,1,417,1
4901880851385,黒ラベル　　　　　　３５０ｍｌ,サッポロ 黒ラベル_３５０ｍｌ_缶,148,42605,221
4901880851392,黒ラベル　　　　　　３５０ｍｌ×６,サッポロ 黒ラベル_３５０ｍｌ×６_缶,143,173619,162
4901880851446,黒ラベル　　　　　　５００ｍｌ,サッポロ 黒ラベル_５００ｍｌ_缶,2,824,3
4901880851453,黒ラベル　　　　　　５００ｍｌ×６,サッポロ 黒ラベル_５００ｍｌ×６_缶,6,11754,8
4901880858094,生搾りみがき麦　　　３５０ｍｌ,サッポロ 北海道生搾り_みがき麦_３５０ｍｌ_缶,1,258,3
4901880858117,生搾りみがき麦　　　３５０ｍｌ×６,サッポロ 北海道生搾り_３５０ｍｌ×６_缶,3,2051,3
4901880869694,芋焼酎こくいも　　　１．８Ｌ　　　　　　（サッポロビール）,サッポロ こくいも_２５度_混和_１．８Ｌ_パック,74,75187,83
4901880871932,男梅サワー　　　　　３５０ｍｌ,サッポロ 男梅サワー_３５０ｍｌ_缶,152,33791,247
4901880872090,こいむぎやわらか　　４０００ｍｌ,サッポロ こいむぎやわらか_２５度_混和_４Ｌ_ペット,3,5654,3
4901880872106,赤梅酒　　　　　　　１８００ｍｌ,サッポロ ３種の贅沢ポリフェノール赤梅酒_１．８Ｌ_パック,3,2145,3
4901880872168,Ｐアルコールフリー　バラ３５０ｍｌ　　　＜サッポロビール㈱＞,サッポロ プレミアムアルコールフリー_３５０ｍｌ_缶,1,218,2
4901880874711,男梅サワー　　　　　５００ｍｌ,サッポロ 男梅サワー_５００ｍｌ_缶,1,197,1
4901880875275,男梅の酒　　　　　　７２０ｍｌ,サッポロ 男梅の酒_７２０ｍｌ,16,12278,18
4901880878238,ウメカク梅酒カクテルピンクＧＦ　　　　　５００ｍｌ,サッポロ ウメカク_ピンクグレープフルーツ_５００ｍｌ,5,2738,6
4901880879884,ヱビス　　　　　　　３５０ｍｌ,サッポロ エビス_３５０ｍｌ_缶,81,22137,115
4901880879891,ヱビス　　　　　　　５００ｍｌ,サッポロ エビス_５００ｍｌ_缶,1,278,1
4901880879907,ヱビス　　　　　　　３５０ｍｌ×６,サッポロ エビス_３５０ｍｌ×６_缶,82,107693,92
4901880882792,極ＺＥＲＯ　　　　　３５０ｍｌ,サッポロ 極ＺＥＲＯ_３５０ｍｌ_缶,3,552,4
4901880882808,極ＺＥＲＯ　　　　　５００ｍｌ,サッポロ 極ＺＥＲＯ_５００ｍｌ_缶,2,564,3
4901880882815,極ＺＥＲＯ　　　　　３５０ｍｌ×６,サッポロ 極ＺＥＲＯ_３５０ｍｌ×６_缶,6,7581,11
4901880882822,極ＺＥＲＯ　　　　　５００ｍｌ×６,サッポロ 極ＺＥＲＯ_５００ｍｌ×６_缶,1,1027,1
4901880885328,ウメカク　　　　　　みかん　　　　　　　５００ｍｌ,サッポロ ウメカク_みかん_５００ｍｌ,1,349,1
4901880887681,麦とホップ　　　　　３５０ｍｌ,サッポロ 麦とホップ_３５０ｍｌ_缶,48,7846,74
4901880887698,麦とホップ　　　　　５００ｍｌ,サッポロ 麦とホップ_５００ｍｌ_缶,3,473,3
4901880887704,麦とホップ　　　　　３５０ｍｌ×６,サッポロ 麦とホップ_３５０ｍｌ×６_缶,20,12692,23
4901880887711,麦とホップ　　　　　５００ｍｌ×６,サッポロ 麦とホップ_５００ｍｌ×６_缶,4,3459,4
4901880887728,サッポロ　　　　　　麦とホップ黒　　　　３５０ｍｌ,サッポロ 麦とホップ＜黒＞_３５０ｍｌ_缶,1,238,2
4901880889180,９９．９９　　　　　クリアレモン　　　　３５０ｍｌ,サッポロ ９９．９９＜クリアレモン＞_３５０ｍｌ_缶,187,30130,318
4901880889203,９９．９９　　　　　クリアドライ　　　　３５０ｍｌ,サッポロ ９９．９９＜クリアドライ＞_３５０ｍｌ_缶,22,4215,44
4901880889739,うれしいワイン　　　有機プレミアム　赤　７２０ｍｌ,サッポロ　うれしい無添加ポリリッチ赤有機プレ７２０,1,698,1
4901880889982,クエン酸とレモンポリフェノール入り白梅酒５００ｍｌ,サッポロ クエン酸とレモンポリフェノール入白梅酒_５００ｍｌ,9,4303,9
4901880890728,９９．９９　　　　　クリアグレープフルーツ　　　　３５０ｍｌ,サッポロ ９９．９９＜クリアグレープフルーツ＞_３５０ｍｌ_缶,138,16704,176
4901880891886,ヱビス　　　　　　　プレミアムエール　　３５０ｍｌ,サッポロ エビスプレミアムエール_３５０ｍｌ_缶,5,1412,7
4901880891961,ヱビス　　　　　　　プレミアムエール　　３５０ｍｌ×６,サッポロ エビスプレミアムエール_３５０ｍｌ×６_缶,8,9318,9
4901880892074,レモン・ザ・リッチ　濃い味レモン　３５０ｍｌ,サッポロ レモン・ザ・リッチ＜濃い味レモン＞_３５０ｍｌ_缶,110,19678,192
4901880892081,レモン・ザ・リッチ　濃い味　ビターレモン３５０ｍｌ,サッポロ レモン・ザ・リッチ＜濃い味ビターレモン＞_３５０ｍｌ_缶,28,4456,43
4901880892098,レモン・ザ・リッチ　濃い味ドライレモン　３５０ｍｌ,サッポロ レモン・ザ・リッチ＜濃い味ドライレモン＞_３５０ｍｌ_缶,6,1071,11
4901880892326,復刻特製エビス　　　３５０ｍｌ　バラ,サッポロ 復刻特製エビス_３５０ｍｌ_缶,1,185,1
4901880892357,復刻特製エビス　　　３５０ｍｌ　６缶,サッポロ 復刻特製エビス_３５０ｍｌ×６_缶,10,15268,11
4901880892876,サッポロ　　　　　　ドラフトワン　　　　３３０ｍｌ,サッポロ ドラフトワン_３３０ｍｌ_缶,1,103,1
4901880892906,サッポロ　　　　　　ドラフトワン　　　　４７０ｍｌ,サッポロ ドラフトワン_４７０ｍｌ_缶,1,442,3
4901880892913,サッポロ　　　　　　ドラフトワン　　　　３３０ｍｌ６缶,サッポロ ドラフトワン_３３０ｍｌ×６_缶,1,1136,2
4901880893545,キレートレモンサワー塩レモン　３５０ｍｌ,サッポロ キレートレモンサワー＜塩レモン＞_３５０ｍｌ_缶,85,15455,144
4901880894238,麦とホップ　　　　　３５０缶　　　　　　＜サッポロビール＞,サッポロ 麦とホップ_３５０ｍｌ_缶,108,17278,161
4901880894245,麦とホップ　　　　　５００缶　　　　　　＜サッポロビール＞,サッポロ 麦とホップ_５００ｍｌ_缶,9,1426,10
4901880894252,麦とホップ　　　　　３５０×６缶　　　　＜サッポロビール＞,サッポロ 麦とホップ_３５０ｍｌ×６_缶,270,186437,315
4901880894269,麦とホップ　　　　　５００×６缶　　　　＜サッポロビール＞,サッポロ 麦とホップ_５００ｍｌ×６_缶,14,13142,15
4901880894504,９９．９９　　　　　クリアアップル　　　３５０ｍｌ,サッポロ ９９．９９＜クリアアップル＞_３５０ｍｌ_缶,201,31008,332
4901880905965,黒ラベル　　　　　　３５０ｍｌ×２４,サッポロ 黒ラベル_３５０ｍｌ×６×４_缶,10,48275,11
4901880906023,黒ラベル　　　　　　５００ｍｌ×２４,サッポロ 黒ラベル_５００ｍｌ×６×４_缶,2,11193,2
4901880908539,生搾りみがき麦　　　３５０ｍｌ×２４,サッポロ 北海道生搾り_３５０ｍｌ×６×４_缶,1,2324,1
4901880916701,ヱビス　　　　　　　３５０ｍｌ×２４,サッポロ エビス_３５０ｍｌ×６×４_缶,3,16626,4
4901880917852,極ＺＥＲＯ　　　　　３５０ｍｌ×２４,サッポロ 極ＺＥＲＯ_３５０ｍｌ×２４_缶,2,8585,3
4901880920074,麦とホップ　　　　　３５０ｍｌ×２４,サッポロ 麦とホップ_３５０ｍｌ×２４_缶,1,2356,1
4901880922610,サッポロ　　　　　　ドラフトワン　　　　３３０ｍｌ６缶ケース,サッポロ ドラフトワン_３３０ｍｌ×２４_缶,3,15652,7
4901880923044,麦とホップ　　　　　３５０×２４缶　　　＜サッポロビール＞,サッポロ 麦とホップ_３５０ｍｌ×２４_缶,103,260952,110
4901880923051,麦とホップ　　　　　５００×２４缶　　　＜サッポロビール＞,サッポロ 麦とホップ_５００ｍｌ×２４_缶,4,16584,5
4902051045688,白鹿　旨口鹿パック　２０００ｍｌ,辰馬本家酒造 ＮＢ_白鹿旨口鹿普通酒_２L_パック,1,930,1
4902051047248,黒松白鹿　純米カップ２７０ｍｌ,辰馬本家酒造 ＮＢ_黒松白鹿純米酒_２７０ｍｌ_カップ,35,9378,51
4902121397655,トップバリュ　　　　ストロング　レモン　３５０ｍｌ,イオン トップバリュストロングチューハイ＜レモン＞_３５０ｍｌ_缶,2,253,3
4902121397693,トップバリュ　　　　ストロング　ＧＦ　　３５０ｍｌ,イオン トップバリュストロングチューハイ＜グレープフルーツ＞_３５０ｍｌ_缶,2,168,2
4902121397778,ＴＶチューハイ　　　レモン　　　　　　　３５０ｍｌ,イオン トップバリュチューハイ＜レモン＞_３５０ｍｌ_缶,1,84,1
4902121397839,ＴＶチューハイ　　　ＧＦ　　　　　　　　５００ｍｌ,イオン トップバリュチューハイ＜グレープフルーツ＞_５００ｍｌ_缶,1,115,1
4902335014584,ジーマ　　　　　　　２７５ｍｌ,ジーマ_２７５ｍｌ_瓶,16,4768,21
4902335050018,コロナエキストラ　　３３５ｍｌ,コロナ_エキストラ_３５５ｍｌ_瓶,3,3489,16
4902471043905,お酒にプラスレモン　５４０ｍｌ,,43,19668,45
4902471043929,お酒にプラスライム　５４０ｍｌ,,18,8187,20
4902471043950,お酒にプラス潰しうめ３００ｍｌ,,14,4212,17
4902615000986,ほまれ米だけの酒辛口２０００ｍｌ,ほまれ酒造 地酒_会津ほまれ米だけの酒純米酒_２Ｌ_パック,1,1469,1
4902615001013,会津ほまれ　佳撰　　１８００ｍｌ,ほまれ酒造 地酒_会津ほまれ佳撰_１．８Ｌ,2,3010,2
4902615004366,ほまれ会津産華吹雪　仕込純米酒７２０ｍｌ,ほまれ酒造 地酒_会津ほまれ花吹雪仕込純米酒_７２０ｍｌ,1,948,1
4902615004663,ほまれ　純米大吟醸極７２０ｍｌ,ほまれ酒造 地酒_極純米大吟醸酒_７２０ｍｌ,4,4535,4
4902615121254,ほまれ蔵パック　　　１８００ｍｌ,ほまれ酒造 地酒_会津ほまれ蔵パック_１．８Ｌ_パック,2,3654,3
4902615122251,ほまれ辛口パック　　１８００ｍｌ,ほまれ酒造 地酒_会津ほまれ辛口_１．８Ｌ_パック,7,9743,8
4902650013286,白鶴　生貯蔵酒　　　３００ｍｌ,白鶴酒造 ＮＢ_上撰ねじ栓生貯蔵酒普通酒_３００ｍｌ,12,3831,14
4902650015501,白鶴　まるスリム　　５００ｍｌパック,白鶴酒造 ＮＢ_まる普通酒_５００ｍｌ_パック,52,22038,59
4902650015730,白鶴　まるカップ　　２００ｍｌ,白鶴酒造 ＮＢ_まる普通酒_２００ｍｌ_カップ,31,5408,44
4902650017130,白鶴　まる　　　　　２０００ｍｌ,白鶴酒造 ＮＢ_まる普通酒_２Ｌ_パック,84,79191,90
4902650017147,白鶴　まるパック　　３０００ｍｌ,白鶴酒造 ＮＢ_まる普通酒_３Ｌ_パック,40,65656,50
4902650017697,白鶴　特別純米酒　　山田錦　　　　　　　７２０ｍｌ,白鶴酒造 ＮＢ_特撰山田錦特別純米酒_７２０ｍｌ,7,7198,8
4902650022684,白鶴蔵仕込み梅酒原酒７２０ｍｌ,白鶴 梅酒原酒_７２０ｍｌ,1,1200,1
4902650032447,白鶴　大吟醸　　　　７２０ｍｌ,白鶴酒造 ＮＢ_大吟醸大吟醸酒_７２０ｍｌ,1,1081,1
4902650041319,白鶴サケパック　　　糖質ゼロ　　　　　　２０００ｍｌ,白鶴酒造 ＮＢ_糖質ゼロ普通酒_２Ｌ_パック,2,1889,2
4902650047410,まる　辛口　　　　　２０００ｍｌ,白鶴酒造 ＮＢ_まる辛口普通酒_２Ｌ_パック,16,13724,18
4903457107086,じょっぱり　本醸造　アルミ缶　１８０ｍｌ,六花酒造 地酒_津軽じょっぱり本醸造酒_１８０ｍｌ_缶,2,440,2
4903457385019,本醸造金のじょっぱり１８００ｍｌ,六花酒造 地酒_金のじょっぱり本醸造酒_１．８Ｌ,1,1320,1
4904046079753,こだわり梅酒　　　　７２０ｍｌ,中田食品 こだわり梅酒実入り梅酒_７２０ｍｌ,1,523,1
4904070025344,日本盛　晩酌辛口　　２０００ｍｌ,日本盛 ＮＢ_晩酌辛口_２Ｌ_パック,4,3530,4
4904070043874,日本盛　超辛口　　　２０００ｍｌ,日本盛 ＮＢ_超辛口_２Ｌ_パック,1,934,1
4904070045595,日本盛　サカリカップ３００ｍｌ,日本盛 ＮＢ_淡麗辛口_３００ｍｌ_カップ,49,12173,67
4904170000166,桃川ねぶた淡麗純米酒７２０ｍｌ,桃川 地酒_ねぶた上撰純米酒_７２０ｍｌ,1,997,1
4904170000418,桃川　金松　上撰　　カ―トン入　　　　　１８００ｍｌ,桃川 地酒_金松_１．８Ｌ,4,6159,5
4904170000876,桃川　銀松佳撰パック２０００ｍｌ,桃川 地酒_銀松_２Ｌ_パック,10,13604,13
4904170001613,桃川　杉玉　純米吟醸７２０ｍｌ,桃川 地酒_杉玉純米吟醸酒_７２０ｍｌ,1,1475,1
4904170001750,桃川　純米酒　　　　１８００ｍｌ,桃川 地酒_純米酒_１．８Ｌ,1,1884,1
4904170002153,桃川　純米酒　米専科２０００ｍｌ,ﾓﾓｶﾜ ｼﾞﾕﾝﾏｲｺﾒｾﾝｶ ﾊﾟﾂｸ 2000ML,1,2089,2
4904170004959,桃川　杉玉　純米酒　１８０ｍｌ,桃川　純米　杉玉　１８０ｍｌ,4,1269,5
4904170005376,桃川　吟醸純米酒　　７２０ｍｌ,桃川 地酒_純米吟醸酒_７２０ｍｌ,1,1200,1
4904170006182,桃川　大吟醸純米　　７２０ｍｌ,桃川　純米大吟醸　７２０ｍｌ,1,7195,2
4904170031221,桃川　銀松パック　　９００ｍｌ,桃川 地酒_銀松_９００ｍｌ_パック,2,2249,3
4904170371310,桃川　にごり原酒　　７２０ｍｌ,桃川 地酒_にごり原酒温故知新_７２０ｍｌ,8,7947,9
4904170431113,桃川　金松　　　　　１８００ｍｌ,桃川 地酒_金松_１．８Ｌ,2,2404,2
4904170431618,桃川　上撰　銚子瓶　１８０ｍｌ,桃川 地酒_金松上撰_１８０ｍｌ,12,4770,23
4904170431816,桃川　金松２本入　　１８００ｍｌ,桃川 地酒_金松_１．８Ｌ×２,4,10597,4
4904170531318,桃川　銀松　佳撰　　７２０ｍｌ,桃川 地酒_銀松佳撰_７２０ｍｌ,3,1448,3
4904170531837,桃川　銀松　佳撰　　カップ　２００ｍｌ,桃川　銀松カップ　瓶　２００ｍｌ,2,534,3
4904170571833,桃川　にごり酒カップ２００ｍｌ,桃川 地酒_にごり酒_３００ｍｌ_カップ,4,1076,6
4904230013839,ニッカシードル　　　スイート７２０ｍｌ　＜アサヒビール＞,ニッカ　シードル・スイート　瓶　７２０ｍｌ,2,600,2
4904230013853,ニッカシードル　　　ドライ７２０ｍｌ　　＜アサヒビール＞,ニッカ　シードル・ドライ　瓶　７２０ｍｌ,3,1792,3
4904230017608,カクテルパートナー　ジントニック　　　　３５０ｍｌ,アサヒ カクテルパートナー＜ジントニック＞_３５０ｍｌ_缶,157,32221,352
4904230019695,ミニ五郎　２０°　　２２０ｍｌ,アサヒ ミニ五郎_２０度_甲_２２０ｍｌ_カップ,38,11001,66
4904230019718,ミニ五郎　２５°　　２２０ｍｌ,アサヒ ミニ五郎_２５度_甲_２２０ｍｌ_カップ,38,12194,67
4904230022015,すらっと　つぶつぶ　グレープフルーツ　　３５０ｍｌ,アサヒ Ｓｌａｔ＜グレープフルーツサワー＞_３５０ｍｌ_缶,416,90755,956
4904230023876,すらっと　白桃サワーつぶつぶＧＦ　　　　３５０ｍｌ,アサヒ Ｓｌａｔ＜白桃サワー＞_３５０ｍｌ_缶,5,421,5
4904230024309,芋焼酎　薩摩こく紫　２５°７２０ｍｌ　　＜アサヒビール＞,アサヒ 薩摩こく紫_２５度_乙_芋_７２０ｍｌ,2,2251,2
4904230027577,ブラックニッカクリア４０００ｍｌ　　　　＜アサヒビール＞,アサヒ ブラックニッカ_クリア_４Ｌ_ペット,85,307965,90
4904230027584,ブラックニッカクリア２７００ｍｌ　　　　＜アサヒビール＞,アサヒ ブラックニッカ_クリア_２．７Ｌ_ペット,41,112596,43
4904230027614,ブラックニッカ　　　クリア　パック　　　１８００ｍｌ,アサヒ ブラックニッカ_クリア_１．８Ｌ_パック,24,43637,25
4904230027621,ブラックニッカクリア７００ｍｌ　　　　　＜アサヒビール＞,アサヒ ブラックニッカ_クリア_７００ｍｌ,272,193888,288
4904230027652,かのか麦　２５°　　４Ｌ,アサヒ かのか_２５度_混和_麦_４Ｌ_ペット,7,16384,8
4904230027713,かのか　２５°麦　　１８００ｍｌパック,アサヒ かのか_２５度_混和_麦_１．８Ｌ_パック,117,127270,140
4904230027799,麦焼酎　かのか２５°９００ｍｌパック,アサヒ かのか_２５度_混和_麦_９００ｍｌ_パック,3,2280,3
4904230028406,大五郎　２５°　　　４０００ｍｌ,アサヒ 大五郎_２５度_甲_４Ｌ_ペット,80,184458,97
4904230028420,大五郎　２０°　　　４０００ｍｌ,アサヒ 大五郎_２０度_甲_４Ｌ_ペット,41,80511,47
4904230028468,大五郎　２５°　　　２７００ｍｌ,アサヒ 大五郎_２５度_甲_２．７Ｌ_ペット,61,86685,67
4904230028482,大五郎　２０°　　　２７００ｍｌ,アサヒ 大五郎_２０度_甲_２．７Ｌ_ペット,35,44271,39
4904230029809,サンタヘレナアルパカカベルネメルロー　　７５０ｍｌ,サンタヘレナ　アルパカ　カベルネ/メルロー　750ml,92,49813,108
4904230029816,サンタヘレナアルパカシャルドネセミヨン　７５０ｍｌ,サンタヘレナ　アルパカ　シャルドネ/セミヨン　750ml,64,34029,74
4904230029991,ドライゼロ　　　　　３５０ｍｌ,アサヒ ドライゼロ_３５０ｍｌ_缶,356,61465,657
4904230030010,ドライゼロ　　　　　３５０ｍｌ×６,アサヒ ドライゼロ_３５０ｍｌ×６_缶,146,95013,176
4904230030027,ドライゼロ　　　　　３５０ｍｌ×２４缶　＜アサヒビール＞,アサヒ ドライゼロ_３５０ｍｌ×６×４_缶,8,18094,9
4904230030867,ドライゼロ　　　　　５００ｍｌ,アサヒ ドライゼロ_５００ｍｌ_缶,38,7393,58
4904230030881,ドライゼロ　　　　　５００ｍｌ×６,アサヒ ドライゼロ_５００ｍｌ×６_缶,29,27870,36
4904230032540,すらっと　　　　　　レモンスカッシュ　　３５０ｍｌ,アサヒ Ｓｌａｔ＜レモンスカッシュサワー＞_３５０ｍｌ_缶,189,38486,411
4904230032564,すらっとアロエ＆　　ホワイトサワー３５０ｍｌ,アサヒ Ｓｌａｔ＜アロエ＆ホワイトサワー＞_３５０ｍｌ_缶,59,10430,110
4904230032601,カクテルパートナー　カシスオレンジ　　　３５０ｍｌ,アサヒ カクテルパートナー＜カシスオレンジ＞_３５０ｍｌ_缶,194,24654,264
4904230032649,カクテルパートナー　スクリューＤ　　　　３５０ｍｌ,アサヒ カクテルパートナー＜スクリュードライバー＞_３５０ｍｌ_缶,5,802,9
4904230032892,サンタヘレナ　　　　アルパカ　ロゼ　　　７５０ｍｌ,サンタ・ヘレナ　アルパカ　ロゼ　750ml,2,897,2
4904230033028,かのか　麦１０°　　　１８０ｍｌパック,アサヒ かのか_１０度_混和_麦_１８０ｍｌ_パック,14,2101,21
4904230033240,ブラックニッカ　　　リッチブレンド　　　７００ｍｌ,アサヒ ブラックニッカ_リッチブレンド_７００ｍｌ,17,23961,20
4904230036258,ヴィニャ・アルバリ　サングリア　　　　　１Ｌパック,ヴィニャ・アルバリ・サングリア　１Ｌ,14,14649,17
4904230036371,サンタヘレナアルパカカルメネール　　　　７５０ｍｌ,サンタヘレナ　アルパカ　カルメネール　750ml,62,37828,84
4904230037293,カクテルパートナー　桃とマンゴーとＯＲ　３５０ｍｌ,アサヒ カクテルパートナー＜桃とマンゴーとオレンジ＞_３５０ｍｌ_缶,5,680,7
4904230040057,ドライゼロフリー　　３５０ｍｌ,アサヒ ドライゼロフリー_３５０ｍｌ_缶,2,189,2
4904230040323,サンタヘレナアルパカソーヴィニヨンブラン７５０ｍｌ,サンタヘレナアルパカ_ソーヴィニヨン・ブラン_７５０ｍｌ,5,2390,5
4904230041160,ブラックニッカ　　　ディープブレンド,アサヒ ブラックニッカ_ディープブレンド_７００ｍｌ,18,24454,19
4904230041344,サントネージュ　　　Ｒｅｌａ赤ペットボトル　７２０ｍｌ,サントネージュ　リラ　赤　７２０ｍｌ,1,1042,3
4904230041351,サントネージュ　　　Ｒｅｌａ白ペットボトル　７２０ｍｌ,サントネージュ　リラ　白　７２０ｍｌ,4,1370,4
4904230041481,スタイルバランス　　レモンサワーテイスト３５０ｍｌ,アサヒ スタイルバランス＜レモンサワーテイスト＞_３５０ｍｌ_缶,35,6354,71
4904230041504,スタイルバランス　　ＧＦサワーテイスト　３５０ｍｌ,アサヒ スタイルバランス＜グレープフルーツサワーテイスト＞_３５０ｍｌ_缶,44,6477,71
4904230041726,アルパカ　　　　　　スパークリング　　　ブリュット７５０ｍｌ,ＳＨアルパカ・スパークリングブリュット　７５０ｍｌ,10,8719,10
4904230042204,余市　７００ｍｌ,アサヒ シングルモルト余市_７００ｍｌ,1,10631,3
4904230042303,ハイニッカ　　　　　７２０ｍｌ,アサヒ ニッカ_ハイニッカ_７２０ｍｌ,7,7330,7
4904230042358,ス－パ－ニッカ　　　７００ｍｌ,アサヒ ニッカ_スーパーニッカ_７００ｍｌ,1,2180,1
4904230044130,もぎたて　　　　　　新鮮レモン　　　　　５００ｍｌ,アサヒ もぎたて＜まるごと搾りレモン＞_５００ｍｌ_缶,95,20999,159
4904230044154,もぎたて　　　　　　新鮮レモン　　　　　３５０ｍｌ,アサヒ もぎたて＜まるごと搾りレモン＞_３５０ｍｌ_缶,304,57798,627
4904230044178,もぎたて　　　　　　新鮮ＧＦ　　　　　　５００ｍｌ,アサヒ もぎたて＜まるごと搾りグレープフルーツ＞_５００ｍｌ_缶,54,9646,74
4904230044192,もぎたて　　　　　　新鮮ＧＦ　　　　　　３５０ｍｌ,アサヒ もぎたて＜まるごと搾りグレープフルーツ＞_３５０ｍｌ_缶,295,40423,450
4904230044215,もぎたて　　　　　　新鮮ぶどう　　　　　５００ｍｌ,アサヒ もぎたて＜まるごと搾りぶどう＞_５００ｍｌ_缶,122,26804,205
4904230044239,もぎたて　　　　　　新鮮ぶどう　　　　　３５０ｍｌ,アサヒ もぎたて＜まるごと搾りぶどう＞_３５０ｍｌ_缶,415,63962,691
4904230044383,スタイルバランス　　ゆずサワー　　　　　３５０ｍｌ,アサヒ スタイルバランス＜ゆずサワーテイスト＞_３５０ｍｌ_缶,54,7352,82
4904230046035,もぎたて　　　　　　新鮮オレンジライム　５００ｍｌ,アサヒ もぎたて＜まるごと搾りオレンジライム＞_５００ｍｌ_缶,39,10063,76
4904230046059,もぎたて　　　　　　新鮮オレンジライム　３５０ｍｌ,アサヒ もぎたて＜まるごと搾りオレンジライム＞_３５０ｍｌ_缶,253,36880,404
4904230046073,スタイルバランス　　梅サワーテイスト　　３５０ｍｌ,アサヒ スタイルバランス＜梅サワーテイスト＞_３５０ｍｌ_缶,1,185,2
4904230047780,サンタヘレナアルパカピノノワール　赤　　７５０ｍｌ,サンタ・ヘレナ・アルパカ・ピノ・ノワールＳＣ　１６　７５０ｍｌ,8,3733,8
4904230048770,ウィルキンソンハード無糖ＤＲＹ　　　　　５００ｍｌ,アサヒ ウィルキンソンハード＜無糖ドライ＞_５００ｍｌ_缶,1,134,1
4904230049258,もぎたてまるごと搾りシークァーサー　　　３５０ｍｌ,アサヒ もぎたて＜まるごと搾りシークァーサー＞_３５０ｍｌ_缶,152,21240,236
4904230049562,スタイルバランス　　ハイボールテイスト　３５０ｍｌ,アサヒ スタイルバランス＜香り華やぐハイボールテイスト＞_３５０ｍｌ_缶,3,854,9
4904230049852,かのか　麦　２５°　焙煎まろやか仕立て　パック　１８００ｍｌ,アサヒ かのか焙煎まろやか仕立て_２５度_混和_麦_１．８Ｌ_パック,19,18705,20
4904230051817,アルパカ　プレミアムシャルドネ　　　　　７５０ｍｌ,ＳＨ　アルパカプレミアムシャルドネ１７白７５０ｍｌ,2,1760,2
4904230051824,アルパカ　プレミアムカベルネソービニヨン７５０ｍｌ,ＳＨ　アルパカ　プレミアムＣＳ１７　赤　７５０ｍｌ,3,2640,3
4904230052227,贅沢搾り　　　　　　レモン　　　　　　　５００ｍｌ,アサヒ 贅沢搾り＜レモン＞_５００ｍｌ_缶,1,147,1
4904230052241,贅沢搾り　　　　　　レモン　　　　　　　３５０ｍｌ,アサヒ 贅沢搾り＜レモン＞_３５０ｍｌ_缶,366,55292,590
4904230052265,贅沢搾り　　　　　　グレープフルーツ　　５００ｍｌ,アサヒ 贅沢搾り＜グレープフルーツ＞_５００ｍｌ_缶,4,8833,60
4904230052289,贅沢搾り　　　　　　グレープフルーツ　　３５０ｍｌ,アサヒ 贅沢搾り＜グレープフルーツ＞_３５０ｍｌ_缶,519,87611,943
4904230052302,贅沢搾り　　　　　　桃　　　　　　　　　５００ｍｌ,アサヒ 贅沢搾り＜桃＞_５００ｍｌ_缶,1,147,1
4904230052326,贅沢搾り　　　　　　桃　　　　　　　　　３５０ｍｌ,アサヒ 贅沢搾り＜桃＞_３５０ｍｌ_缶,287,39131,417
4904230053415,もぎたて　手摘み白桃５００ｍｌ,アサヒ もぎたて＜手摘み白桃＞_５００ｍｌ_缶,1,98,1
4904230053439,もぎたて　　　　　　手摘み白桃　　　　　３５０ｍｌ,アサヒ もぎたて＜手摘み白桃＞_３５０ｍｌ_缶,287,40427,442
4904230053644,贅沢搾り　　　　　　キウイ　３５０ｍｌ,アサヒ 贅沢搾り＜キウイ＞_３５０ｍｌ_缶,519,73645,776
4904230053859,ニッカ淡麗辛口　　　ハイボール　　　　　３５０ｍｌ,アサヒ 淡麗辛口ハイボール_３５０ｍｌ_缶,147,41182,401
4904230056478,酸化防止剤無添加　　やさしいワイン　赤　ペット　７２０ｍｌ,アサヒ サントネージュ酸化防止剤無添加のやさしいワイン赤_７２０ｍｌ_ペット,9,3336,9
4904230056485,酸化防止剤無添加　　やさしいワイン　白　ペット　７２０ｍｌ,アサヒ サントネージュ酸化防止剤無添加のやさしいワイン白_７２０ｍｌ_ペット,7,3282,9
4904230056607,ウイルキンソンハード無糖ドライ　　　　　５００ｍｌ,アサヒ ウィルキンソン・ハードナイン＜無糖ドライ＞_５００ｍｌ_缶,6,1555,12
4904230056621,ウイルキンソンハード無糖ドライ　　　　　３５０ｍｌ,アサヒ ウィルキンソン・ハードナイン＜無糖ドライ＞_３５０ｍｌ_缶,103,21590,232
4904230056645,ウイルキンソンハード無糖レモン　　　　　５００ｍｌ,アサヒ ウィルキンソン・ハードナイン＜無糖レモン＞_５００ｍｌ_缶,5,1206,9
4904230056669,ウイルキンソンハード無糖レモン　　　　　３５０ｍｌ,アサヒ ウィルキンソン・ハードナイン＜無糖レモン＞_３５０ｍｌ_缶,194,38029,425
4904230056706,ウイルキンソンハード無糖ジンジャー　　　３５０ｍｌ,アサヒ ウィルキンソン・ハードナイン＜無糖ジンジャー＞_３５０ｍｌ_缶,100,15508,169
4904230056904,ドライセブン　　　　ドライレモン　　　　３５０ｍｌ,アサヒ ウィルキンソンドライセブン＜ドライレモン＞_３５０ｍｌ_缶,34,5461,60
4904230056942,ドライセブン　　　　ドライレモンライム　３５０ｍｌ,アサヒ ウィルキンソンドライセブン＜ドライレモンライム＞_３５０ｍｌ_缶,41,5735,63
4904230057062,贅沢搾り　　　　　　ライチ　３５０ｍｌ,アサヒ 贅沢搾り＜ライチ＞_３５０ｍｌ_缶,28,4152,44
4904230057109,贅沢搾り【期間限定】ブラッドオレンジ　　３５０ｍｌ,アサヒ 贅沢搾り＜ブラッドオレンジ＞_３５０ｍｌ_缶,19,2287,26
4904230057161,ドライゼロスパーク　５００ｍｌ,アサヒ ドライゼロスパーク_５００ｍｌ_ペット,18,4079,31
4904230100409,ブラックニッカ　　　７２０ｍｌ,アサヒ ブラックニッカ_スペシャル_７２０ｍｌ,12,16503,14
4904339062387,ヤエス　　　　　　　レモンサワー　　　　３００ｍｌ,,1,554,6
4904339063803,王様の涙　　　　　　スパークリング　　　７５０ｍｌ,王様の涙　スパ－ク　セミセコ　７５０ｍｌ,1,797,1
4904339752486,王様の涙　赤　甘口　７５０ｍｌ　　　　　＜日本酒類販売＞,王様の涙　赤　甘口　７５０ｍｌ,2,915,2
4904670013475,純レジェンド２５°　１８００ｍｌ,宝酒造 宝焼酎レジェンド_２５度_甲_１．８Ｌ_パック,6,11041,8
4904670013512,宝純　２５°　　　　１８００ｍｌパック,宝酒造 宝焼酎純_２５度_甲_１．８Ｌ_パック,3,3998,3
4904670013758,レモンサワー用　　　焼酎２５°６００ｍｌ,宝酒造 宝焼酎レモンサワー用_２５度_甲_６００ｍｌ,1,578,1
4904670022385,黒よかいち麦２５°　１．８Ｌパック　　　＜宝酒造＞,宝酒造 黒よかいち_２５度_乙_麦_１．８Ｌ_パック,14,16248,12
4904670024143,麦小路パック　２５°１８００ｍｌ,宝酒造 厳選麦小路_２５度_混和_麦_１．８Ｌ_パック,17,19267,19
4904670024235,宝厳選麦小路　２５°９００ｍｌパック,宝酒造 厳選麦小路_２５度_混和_麦_９００ｍｌ_パック,16,10029,17
4904670025072,宝　琥珀のよかいち　　麦　１．８Ｌ＜宝酒蔵＞,宝酒造 琥珀のよかいち_２５度_乙_麦_１．８Ｌ_パック,28,43907,33
4904670030649,芋焼酎　　一刻者　　２５度　　１８００ｍｌ　　小牧醸造　　小,宝酒造 一刻者_２５度_乙_芋_１．８Ｌ,1,2277,1
4904670031202,芋焼酎　一刻者　　　２５°　７２０ｍｌ　＜宝酒造＞,宝酒造 一刻者_２５度_乙_芋_７２０ｍｌ,6,7509,6
4904670033060,タカラカップ２５°　２２０ｍｌ,宝酒造 宝焼酎タカラカップ_２５度_甲_２２０ｍｌ_カップ,1,188,1
4904670033084,宝っこ２５°カップ　２２０ｍｌ,宝酒造 宝焼酎宝っこ_２５度_甲_２２０ｍｌ_カップ,65,16338,93
4904670036917,宝っこ　２５°　　　２７００ｍｌ,宝酒造 宝焼酎宝っこ_２５度_甲_２．７Ｌ_ペット,71,105694,82
4904670040600,宝焼酎　２５°　　　４０００ｍｌ,宝酒造 宝焼酎_２５度_甲_４Ｌ_ペット,4,7538,4
4904670040686,宝っこ　２５°　　　４０００ｍｌ,宝酒造 宝焼酎宝っこ_２５度_甲_４Ｌ_ペット,112,244740,131
4904670045865,黒よかいち　芋　　　２５°１８００ｍｌ,宝酒造 黒よかいち_２５度_乙_芋_１．８Ｌ_パック,45,66861,52
4904670056076,極上　宝２５°　　　１８００ｍｌパック,宝酒造 極上宝焼酎_２５度_甲_１．８Ｌ_パック,67,83346,77
4904670057561,ピュアパック　２５°１８００ｍｌ,宝酒造 宝焼酎ピュアパック_２５度_甲_１．８Ｌ_パック,60,62563,67
4904670058278,本格麦焼酎　　　　　知心剣　２５°　　　７２０ｍｌ,宝酒造 知心剣_２５度_乙_麦_７２０ｍｌ,1,1140,1
4904670064774,味わい麦焼酎麦小路　２２０ｍｌ,宝酒造 麦小路_１８度_混和_２２０ｍｌ_カップ,19,3350,25
4904670067232,極上　宝パック　　　２０°　１８００ｍｌ,宝酒造 極上宝焼酎_２０度_甲_１．８Ｌ_パック,20,20756,21
4904670073196,宝タカラカップ２０°２２０ｍｌ,宝酒造 宝焼酎タカラカップ_２０度_甲_２２０ｍｌ_カップ,2,336,2
4904670073233,宝っこ２０°カップ　２２０ｍｌ,宝酒造 宝焼酎宝っこ_２０度_甲_２２０ｍｌ_カップ,42,12346,74
4904670075961,宝っこ　２０°　　　２０００ｍｌ,宝焼酎　宝っこ　２０度　甲　エコペット　２Ｌ,2,1977,2
4904670078214,宝っこ　２０°　　　２７００ｍｌ,宝酒造 宝焼酎宝っこ_２０度_甲_２．７Ｌ_ペット,41,54688,48
4904670081115,宝っこ　２０°　　　４０００ｍｌ,宝酒造 宝焼酎宝っこ_２０度_甲_４Ｌ_ペット,50,95083,56
4904670088695,ピュアパック　２０°１８００ｍｌ,宝酒造 宝焼酎ピュアパック_２０度_甲_１．８Ｌ_パック,11,11119,13
4904670141604,宝　料理のための清酒９００ｍｌ,宝酒造 地酒清酒_料理のための清酒_９００ｍｌ_パック,6,3966,8
4904670148108,料理のための清酒　　らくらく調節ボトル　５００ｍｌ,宝酒造 地酒清酒_料理のための清酒米麹双麹仕込_５００ｍｌ,1,297,1
4904670216067,松竹梅　白壁蔵　　　澪　７５０ｍｌ,宝酒造 ＮＢ_松竹梅白壁蔵澪_７５０ｍｌ,4,4069,4
4904670216784,松竹梅　白壁蔵　　　澪　１５０ｍｌ,宝酒造 ＮＢ_松竹梅白壁蔵澪_１５０ｍｌ,2,569,2
4904670219228,松竹梅　特選　　　　純米大吟醸７２０ｍｌ,宝酒造 ＮＢ_特撰松竹梅純米大吟醸酒_７２０ｍｌ,6,8082,9
4904670242103,松竹梅　上撰　　　　瓶　１８００ｍｌ,宝酒造 ＮＢ_上撰松竹梅_１．８Ｌ,12,13874,12
4904670243223,松竹梅　上撰　　　　１８００ｍｌ,宝酒造 ＮＢ_上撰松竹梅_１．８Ｌ,4,3509,4
4904670272407,松竹梅　　　　　　　上撰　寿　３００ＭＬ,松竹梅　上撰　寿　カートン無　３００ｍｌ,8,2395,9
4904670280884,松竹梅　天パック　　３０００ｍｌ,宝酒造 ＮＢ_松竹梅天_３Ｌ_パック,41,58403,49
4904670280914,松竹梅　天パック　　２０００ｍｌ,宝酒造 ＮＢ_松竹梅天_２Ｌ_パック,89,84458,103
4904670280976,松竹梅　天パック　　９００ｍｌ,宝酒造 ＮＢ_松竹梅天_９００ｍｌ_パック,43,21201,43
4904670281003,松竹梅　天カップ　　２００ｍｌ,宝酒造 ＮＢ_松竹梅天_２００ｍｌ_カップ,84,14575,129
4904670289108,松竹梅　天パック　　糖質７０％オフ　　　２０００ｍｌ,宝酒造 ＮＢ_松竹梅天糖質７０％オフ_２Ｌ_パック,13,10876,13
4904670289955,松竹梅　天　　　　　極上プレミアム　　　２０００ｍｌ,宝酒造 ＮＢ_松竹梅天極上プレミアム_２Ｌ_パック,4,3562,4
4904670294645,天　純米　　パック　２０００ｍｌ,宝酒造 ＮＢ_松竹梅天_２Ｌ_パック,8,7035,8
4904670294676,松竹梅　天　純米９００ｍｌ,宝酒造 ＮＢ_松竹梅天純米_９００ｍｌ_パック,1,598,1
4904670295802,天　飲みごたえ辛口　パック　２０００ｍｌ,宝酒造　ＮＢ_松竹梅天＜飲みごたえ辛口＞_２Ｌ_パック,48,41953,51
4904670301138,宝「凛」セレクト　　７２０ｍｌ,宝酒造 キングウイスキー凛_セレクト_７２０ｍｌ,38,26273,38
4904670301152,宝「凛」セレクト　　２７００ｍｌ,宝酒造 キングウイスキー凛_セレクト_２．７Ｌ_ペット,5,6077,3
4904670301176,宝「凛」セレクト　　４０００ｍｌ,宝酒造 キングウイスキー凜_セレクト_４Ｌ_ペット,44,127853,44
4904670360142,宝　紹興酒　塔牌　　花彫　陳五年　　　　６００ｍｌ,宝酒造 紹興酒_塔牌花彫陳五年_６００ｍｌ,7,12748,20
4904670451741,宝焼酎の烏龍割り　　３３５ｍｌ,宝酒造 宝焼酎の烏龍割り_３３５ｍｌ_缶,3,1102,7
4904670455534,宝Ｃａｎチューハイ　レモン　　　　　　　３５０ｍｌ,宝酒造 ＣＡＮチューハイ＜レモン＞_３５０ｍｌ_缶,68,52369,340
4904670463690,焼酎ハイボール　　　レモン　　　　　　　５００ｍｌ,宝酒造 焼酎ハイボール＜レモン＞_５００ｍｌ_缶,493,139011,1066
4904670464543,焼酎ハイボール　　　レモン　　　　　　　３５０ｍｌ,宝酒造 焼酎ハイボール＜レモン＞_３５０ｍｌ_缶,475,100695,1098
4904670464642,焼酎ハイボール　　　ドライ　　　　　　　３５０ｍｌ,宝酒造 焼酎ハイボール＜ドライ＞_３５０ｍｌ_缶,288,67555,737
4904670464680,焼酎ハイボール　　　ドライ　　　　　　　５００ｍｌ,宝酒造 焼酎ハイボール＜ドライ＞_５００ｍｌ_缶,265,74166,565
4904670465168,焼酎ハイボール　　　シークァーサー　　　３５０ｍｌ,宝酒造 焼酎ハイボール＜シークァーサー＞_３５０ｍｌ_缶,23,3949,43
4904670465953,焼酎ハイボール　　　シークァーサー　　　５００ｍｌ,宝酒造 焼酎ハイボール＜シークァーサ＞_５００ｍｌ_缶,1,134,1
4904670470681,宝焼酎　　　　　　　やわらかお茶割り　　３３５ｍｌ,宝酒造 宝焼酎のやわらかお茶割り_３３５ｍｌ_缶,52,13075,142
4904670478014,ＣＡＮチューハイ　　ドライ　　　　　　　３５０ｍｌ,宝酒造 ＣＡＮチューハイ＜ドライ＞_３５０ｍｌ_缶,6,796,8
4904670479103,宝　焼酎ハイボール　梅干割り　　　　　　３５０ｍｌ,宝酒造 焼酎ハイボール＜梅干割り＞_３５０ｍｌ_缶,4,388,4
4904670481403,宝　極上レモンサワー＜丸おろしレモン＞　３５０ｍｌ,宝酒造 極上レモンサワー＜丸おろしレモン＞_３５０ｍｌ_缶,11,1577,11
4904670481540,宝　極上レモンサワー　つけ込み塩レモン　３５０ｍｌ,宝酒造 極上レモンサワー＜つけ込み塩レモン＞_３５０ｍｌ_缶,54,11635,82
4904670481595,寶ＣＲＡＦＴ　　　　地域限定　北限のゆず３３０ｍｌ,宝酒造 寶ＣＲＡＦＴ＜北限のゆず＞_３３０ｍｌ_瓶,1,125,1
4904670907118,焼酎ハイボール　　　レモン　　　　　　　３５０ｍｌ×２４,宝酒造 焼酎ハイボール＜レモン＞_３５０ｍｌ×２４_缶,4,9271,4
4904670907187,焼酎ハイボール　　　ドライ　　　　　　　３５０ｍｌ×２４,宝酒造 焼酎ハイボール＜ドライ＞_３５０ｍｌ×２４_缶,3,6818,3
4904998127120,わが家の料理酒　　　１８００ｍｌパック,東亜　和風天国わが家の料理清酒　１８００ｍｌ,73,45840,80
4905846111261,蝶矢　梅酒　　　　　紀州　　　　　　　　７２０ｍｌ,チョーヤ 梅酒_紀州_７２０ｍｌ,11,10790,11
4905846111360,ウメッシュ　　　　　プレーンソーダ　　　２５０ｍｌ,チョーヤ梅酒 ウメッシュプレーンソーダ_２５０ｍｌ_缶,13,2851,15
4905846112077,さらりとした梅酒　　１０００ｍｌ,チョーヤ さらりとした_梅酒_１Ｌ_パック,32,23643,31
4905846117065,チョーヤゆずッシュ　２５０ｍｌ,チョーヤ梅酒 ゆずッシュ_２５０ｍｌ_缶,1,130,1
4905846117201,チャーヤ　ザブラック７２０ｍｌ,チョーヤ ザ・ブラック_７２０ｍｌ,7,6484,7
4905846117461,さらりとした梅酒　　糖質４０％オフ　　　１０００ｍｌ,チョーヤ さらりとした_梅酒糖質４０％オフ_１Ｌ_パック,6,4600,6
4905846117478,Ｔｈｅ　ＣＨＯＹＡ　シングルイヤー　　　７２０ｍｌ,チョーヤ ＴｈｅＣＨＯＹＡ_ＳＩＮＧＬＥＹＥＡＲ_７２０ｍｌ,6,6000,6
4905846119731,蝶矢　うめほのり　　１０００ｍｌ,チョーヤ うめほのり_１Ｌ_パック,14,7961,16
4905846216058,酔わないウメッシュ　３５０ｍｌ,チョーヤ梅酒 酔わないウメッシュ_３５０ｍｌ_缶,61,11316,94
4905961130307,太平山　辛口　　　　７２０ｍｌ,太平山　辛口　瓶　７２０ｍｌ,1,639,1
4905961131427,太平山　辛口パック　１８００ｍｌ,小玉醸造 地酒_太平山辛口造り_１．８Ｌ_パック,1,1218,1
4905961146001,太平山　純米酒　　　７２０ｍｌ,小玉醸造 地酒_太平山_７２０ｍｌ,3,2392,3
4905991037126,芋焼酎　小鶴　　　　黒　２５°パック　　９００ｍｌ,小正醸造 小鶴くろ_２５度_乙_芋_９００ｍｌ_パック,2,1672,2
4906141002056,栄川　特醸酒　Ｐ箱入１８００ｍｌ,榮川酒造 地酒_特醸酒_１．８Ｌ,3,4995,3
4906141002063,栄川　特醸酒　Ｐ箱入７２０ｍｌ,榮川酒造 地酒_特醸酒_７２０ｍｌ,6,3535,6
4906141240120,栄川　カップ　　　　１８０ｍｌ,栄川　特醸酒　カップ　１８０ｍｌ,8,2068,11
4906157302058,爛漫　美酒パック　　９００ｍｌ,秋田銘醸 地酒_佳撰爛漫美酒_９００ｍｌ_パック,1,788,1
4906157302065,爛漫　美酒パック　　１８００ｍｌ,秋田銘醸 地酒_佳撰爛漫美酒_１．８Ｌ_パック,78,112415,97
4906157302102,爛漫　普通酒　　　　１８００ｍｌ,秋田銘醸 地酒_爛漫_１．８Ｌ,2,2758,2
4906157302171,爛漫　美酒カップ　　１８０ｍｌ,秋田銘醸 地酒_佳撰爛漫美酒カップ_１８０ｍｌ_カップ,13,3169,19
4906157303680,爛漫　美酒カップ　　２００ｍｌ,秋田銘醸 地酒_美酒爛漫らんまんカップ_２００ｍｌ_カップ,27,6255,34
4906157303703,爛漫　普通酒　　　　生貯酒生貯カップ　　２００ｍｌ,秋田銘醸 地酒_美酒爛漫生貯カップ_２００ｍｌ_カップ,1,94,1
4906157310701,純米酒香り爛漫　　　７２０ｍｌ,秋田銘醸 地酒_香り爛漫_７２０ｍｌ,1,390,1
4906666100169,いいちこ　　　　　　１２°カップ　　　　２００ｍｌ,三和酒類 いいちこ_１２度_乙_麦_２００ｍｌ_カップ,1,150,1
4906666100183,いいちこカップ２５°２００ｍｌ,三和酒類 いいちこ_２５度_乙_麦_２００ｍｌ_カップ,23,6739,29
4906666100299,いいちこ長期熟成貯蔵２０°麦　７２０ｍｌ,三和酒類 いいちこ長期熟成貯蔵酒_２０度_乙_麦_７２０ｍｌ,3,4401,4
4906666100558,いいちこ　２５°　　パック　９００ｍｌ,三和酒類 いいちこ_２５度_乙_麦_９００ｍｌ_パック,32,27951,34
4906666111110,麦焼酎　　　　　　　いいちこ　２５°　　瓶　１８００ｍｌ,三和酒類 いいちこ_２５度_乙_麦_１．８Ｌ,2,3010,2
4906666111127,麦焼酎　いいちこ　　パック　２５°　　　１８００ｍｌ,三和酒類 いいちこ_２５度_乙_麦_１．８Ｌ_パック,252,449206,319
4906666111318,麦焼酎　いいちこ　　２５°９００ｍｌ　　＜三和酒類＞,三和酒類 いいちこ_２５度_乙_麦_９００ｍｌ,29,23964,30
4906666112117,麦焼酎　　　　　　　いいちこ　２０°　　瓶　１８００ｍｌ,三和酒類 いいちこ_２０度_乙_麦_１．８Ｌ,1,1380,1
4906666112124,麦焼酎　いいちこ　　パック　２０°　　　１８００ｍｌ,三和酒類 いいちこ_２０度_乙_麦_１．８Ｌ_パック,97,159897,119
4906666112315,麦焼酎　いいちこ　　２０°９００ｍｌ　　＜三和酒類＞,三和酒類 いいちこ_２０度_乙_麦_９００ｍｌ,11,10278,14
4906666112322,麦焼酎　いいちこ　　パック２０°　　　　９００ｍｌ,三和酒類 いいちこ_２０度_乙_麦_９００ｍｌ_パック,41,31010,43
4906666112841,いいちこ　２０°　　カップ　２００ｍｌ,三和酒類 いいちこ_２０度_乙_麦_２００ｍｌ_カップ,36,10937,53
4906666121416,いいちこシルエット　２５°７２０ｍｌ　　＜三和酒類＞,三和酒類 いいちこシルエット_２５度_乙_麦_７２０ｍｌ,19,21283,24
4906666181311,いいちこ日田全麹　　２５°　９００ｍｌ　＜三和種類＞,三和酒類 いいちこ日田全麹_２５度_乙_麦_９００ｍｌ,3,2682,3
4906666710047,乙　２５°　　　　　いいちこパック２本セット,三和酒類 いいちこ_２５度_乙_麦_１．８Ｌ×２_パック,20,67364,24
4906666710061,乙２０°　　　　　　いいちこパック　　　２本セット,三和酒類 いいちこ２本バンドル_２０度_乙_麦_パック,2,5101,2
4907054002447,すだち酎２０°　　　７２０ｍｌ,日新酒類 すだち酎_２０度甲_７２０ｍｌ,15,14934,22
4920205506397,高畠ブラン　　　　　白辛口　７２０ｍｌ　＜高畠ワイン＞,高畠ワイン　ブラン　辛口　白　７２０ｍｌ,13,14301,13
4920205506403,高畠ルージュ赤　　　７２０ｍｌ　　　　　＜高畠ワイン＞,高畠ワイン　ルージュ　赤　７２０ｍｌ,11,11250,11
4930391130320,菊水　辛口　　　　　７２０ｍｌ,菊水酒造 地酒_菊水の辛口本醸造酒_７２０ｍｌ,12,10218,13
4930391140121,菊水ふなぐち　　　　一番搾り　２００ｍｌ,菊水酒造 地酒_ふなぐち菊水一番しぼり本醸造酒_２００ｍｌ_缶,57,27453,105
4930391160129,菊水　白キャップ　　７２０ｍｌ,菊水酒造 地酒_菊水白キャップ_７２０ｍｌ,2,1300,2
4930391720842,菊水　純米酒　　　　７２０ｍｌ,純米酒　菊水　７２０ｍｌ,1,934,1
4931002044029,鷲の尾　上撰　　　　７２０ｍｌ,わしの尾 地酒_鷲の尾上撰_７２０ｍｌ,1,808,1
4931002055025,鷲の尾　金印　　　　７２０ｍｌ,わしの尾 地酒_鷲の尾金印_７２０ｍｌ,1,759,1
4931002300019,鷲の尾　上撰　　　　１８００ｍｌ,わしの尾 地酒_鷲の尾上撰_１．８Ｌ,1,1790,1
4931002400016,鷲の尾　金印　　　　１８００ｍｌ,わしの尾 地酒_鷲の尾金印_１．８Ｌ,1,1601,1
4931128272290,月山の酒蔵　純米酒　７２０ｍｌ,月山酒造 地酒_月山の酒蔵純米酒_７２０ｍｌ,12,11152,13
4931128401027,月山カップ１８０ｍｌ,ｷﾞﾝﾚｲｶﾞﾂｻﾝ ｶﾂﾌﾟ 180ML,5,1318,6
4931754001035,真鶴　金紋　　　　　１８００ｍｌ,田中酒造店 地酒_真鶴金紋_１．８Ｌ,3,5400,3
4931754007273,真鶴　銀グリーン　瓶１８０ｍｌ,ﾏﾅﾂﾙ ｷﾞﾝ 180ML,2,311,2
4932009107083,ム－ンセレナ－デ　アカ　７２０,エ－デルツキノセレナ－デアカ 720ml,3,2942,3
4932009170049,エーデルワイン　　　月のセレナーデ　赤,エーデルワイン 月のセレナーデ_キャンベル,16,16741,16
4932009407060,五月長根葡萄園白　７２０ｍｌ　＜エ―デルワイン＞,ｴ-ﾃﾞﾙ ｻﾂｷ ﾘ-ｽﾘﾝｸﾞ ｼﾛ720ml,6,9982,6
4932009470064,エーデルワイン　　　月のセレナーデ　白,エーデルワイン 月のセレナーデ白_リースリング_７２０ｍｌ,3,3238,3
4932009473492,月のセレナーデ　　　白　７２０ｍｌ　　　＜エーデルワイン＞,エーデル　新月のセレナーデ　白　瓶　７２０ｍｌ,4,3469,4
4932611140010,八鶴　金撰　　　　　１８００ｍｌ,八鶴　金撰　瓶　１．８ｌ,1,1580,1
4932611140102,八鶴　金撰　　　　　１８０ｍｌ,八鶴　金撰　瓶　１８０ｍｌ,5,3317,16
4932611730013,金撰　如空　　　　　１８００ｍｌ,八戸酒類 地酒_如空金撰_１．８Ｌ,1,1580,1
4932611730037,金撰　如空　　　　　７２０ｍｌ,如空　金撰　７２０ｍｌ,3,2221,3
4932611730051,金撰　如空　　　　　１８０ｍｌ,如空　金撰　１８０ｍｌ,3,8487,39
4932611741019,如空　純米金ラベル　１８００ｍｌ,如空　純米　金ラベル　１．８Ｌ,2,4360,2
4932611750011,銀撰　如空　　　　　１８００ｍｌ,八戸酒類 地酒_如空銀撰_１．８Ｌ,7,15180,11
4932611750035,銀撰　如空　　　　　７２０ｍｌ,如空　銀撰　７２０ｍｌ,1,634,1
4932611750066,銀撰　如空　　　　　１８０ｍｌ,如空　銀撰　１８０ｍｌ,1,564,3
4932624011208,澤乃泉　精選宮城の酒１８００ｍｌ,石越醸造 地酒_澤乃泉宮城の酒_１．８Ｌ,5,12286,8
4932624011239,澤乃泉　純米大吟醸　蔵の華　　７２０ｍｌ,石越醸造 地酒_澤乃泉純米吟醸酒_７２０ｍｌ,1,1765,1
4932624011314,澤乃泉　特別純米酒　　　　　　７２０ｍｌ,石越醸造 地酒_澤乃泉特別純米酒_７２０ｍｌ,2,2548,2
4934228901183,南部美人　　パック　１８００ｍｌ,南部美人 地酒_南部美人_１．８Ｌ_パック,3,3560,3
4934301210041,亀吉　特別純米酒　　３００ｍｌ,,1,550,1
4935408506167,竹の露　１８００ｍｌ,竹の露 地酒_竹の露_１．８L,2,3200,2
4935408506198,竹の露　７２０ｍｌ,ﾀｹﾉﾂﾕ ﾋﾞﾝ 720ML,8,6651,10
4939222523010,黒糖焼酎　里の曙　　２５°　９００ｍｌ　＜町田酒造＞,町田酒造 里の曙・三年貯蔵_２５度_乙_黒糖_９００ｍｌ,1,1115,1
4939851200054,月の輪　純米酒　　　７２０ｍｌ　月の輪,月の輪酒造店 地酒_月の輪純米酒_７２０ｍｌ,1,1130,1
4941495200017,シャトー勝沼　無添加　赤　甘口　　　　　７２０ｍｌ,ｼｬﾄｰ勝沼無添加赤甘口ﾜｲﾝ720ml,21,17475,21
4941495200024,シャトー勝沼　　　　無添加　赤　中口　　７２０ｍｌ,シャトー勝沼 無添加赤わいん中口_７２０ｍｌ,4,3316,4
4941495200055,シャト―勝沼　無添加　白わいん　甘口　７２０ｍｌ　＜シャト―,ｼｬﾄｰ勝沼 無添加白甘口ワイン 720ml,1,980,1
4943133206320,蔵そだちパック　　　３０００ｍｌ,賜杯桜　蔵そだち　３ｌ,10,12336,12
4943133206429,賜杯桜蔵そだちパック２０００ｍｌ,賜杯桜　蔵そだち　２ｌ,2,2190,3
4943360002221,岩手誉　金印　　　　ピラードカップ　　　１８０ｍｌ,岩手銘醸 地酒_岩手誉_１８０ｍｌ_カップ,1,183,1
4943569273453,越後桜　白鳥蔵パック２０００ｍｌ,越後桜酒造 地酒_越後桜白鳥蔵_２Ｌ_パック,4,3918,5
4943569283452,越後桜　白鳥蔵パック１８０ｍｌ,越後桜酒造 地酒_越後桜白鳥蔵_１８０ｍｌ_パック,9,2225,24
4945033143064,芋焼酎　鉄軒・黒　２５°　９００ｍｌ　＜オガタマ酒造＞,オガタマ酒造 鉄幹黒_２５度_乙_芋_９００ｍｌ,3,1186,1
4947804201805,又兵衛　佳撰　　　　１８００ｍｌ,四家 又兵衛本醸造 ﾋﾞﾝ 1800ml,1,1600,1
4947965004536,陸奥男山　　　　　　ｃｌａｓｓｉｃ　　　１８００ｍｌ,陸奥男山　クラシック　１８００ｍｌ,1,1750,1
4951046224126,米鶴　本醸造　かっぱ７２０ｍｌ,米鶴酒造 地酒_本醸造かっぱ_７２０ｍｌ,2,1717,2
4951474010100,宮城上撰　パック　　２０００ｍｌ,宮城ふるさと　上撰宮城パック　２０００ｍｌ,5,5848,5
4951693060931,麦焼酎　隠し蔵　　　瓶　２５°　　　　　１８００ｍｌ　　　　,濱田酒造 隠し蔵_２５度_乙_麦_１．８Ｌ,4,7704,5
4951693070220,隠し蔵　　７２０ｍｌ　　濱田,濱田酒造 隠し蔵_２５度_乙_麦_７２０ｍｌ,4,4401,4
4951693140343,芋焼酎　海童　祝の赤２５°７２０ｍｌ　　＜浜田酒造＞,濱田酒造 海童祝の赤_２５度_乙_芋_７２０ｍｌ,3,3354,3
4951693140381,海童パック２５°　　１８００ｍｌ,濱田酒造 海童_２５度_乙_芋_１．８Ｌ_パック,67,102648,82
4951693191239,乙２５°隠し蔵　　　麦パック１８００ｍｌ＜濱田酒造＞,濱田酒造 隠し蔵_２５度_乙_麦_１．８Ｌ_パック,33,54946,38
4951693231294,海童２５度パック　　１Ｌ　　　　　　　　＜濱田酒造＞,濱田酒造 海童_２５度_乙_芋_１Ｌ_パック,5,4528,5
4951812230504,薩摩一　２５°　　　パック　２７００ｍｌ,若松酒造 薩摩一_２５度_乙_芋_２．７Ｌ,8,14814,8
4951812230511,薩州麦２５度　パック２．７Ｌ　　　　　　＜若松酒造＞,若松酒造 薩州麦_２５度_乙_麦_２．７Ｌ,11,22411,13
4953641000501,浜千鳥　純米酒　　　１８００ｍｌ,浜千鳥 地酒_純米酒_１．８Ｌ,1,2183,1
4953641000518,浜千鳥　純米酒　　　７２０ｍｌ,ﾊﾏﾁﾄﾞﾘ ｼﾞﾕﾝﾏｲ ﾋﾞﾝ 720ML,1,1190,1
4953641000617,浜千鳥　本醸造　　　７２０ｍｌ,浜千鳥 地酒_本醸造酒_７２０ｍｌ,2,1700,2
4954595115679,花春　会津印　　　　１８００ｍｌ,花春酒造 地酒_酒国会津_１．８Ｌ,2,3560,2
4954595161034,花春　吟醸酒　　　　７２０ｍｌ,花春酒造 地酒_吟醸酒_７２０ｍｌ,1,980,1
4954933300040,久米島の久米仙３０°６００ｍｌ,久米島の久米仙 久米島の久米仙_３０度_乙_６００ｍｌ,3,2658,4
4955069001238,コノスル　カペルネＳヴァラエタル　　　　７５０ｍｌ,コノスル　カベルネＳＶヴァラエタル　赤　７５０ｍｌ,3,2640,3
4955069001269,コノスル　シャルドネヴァラエタル　　　　７５０ｍｌ,コノスル　シャルドネ　７５０ｍｌ,1,797,1
4955250008503,麦焼酎　　　　　　　二階堂　２５°　　　瓶　１８００ｍｌ,二階堂酒造 大分むぎ焼酎二階堂_２５度_乙_１．８Ｌ,27,54262,37
4955250009500,麦焼酎　　　　　　　二階堂　２５°　　　９００ｍｌ,二階堂酒造 大分むぎ焼酎二階堂_２５度_乙_９００ｍｌ,51,43883,56
4955596306936,開運北鹿パック　　　３０００ｍｌ,北鹿 地酒_開運_３Ｌ_パック,3,3731,3
4955596313828,北鹿　北秋田大吟醸　１８００ｍｌ,北鹿 地酒_北秋田大吟醸酒_１．８Ｌ,1,1753,1
4955596316829,北鹿　北あきた　　　１８００ｍｌ,北鹿 地酒_北秋田_１．８Ｌ,2,1900,2
4955596343825,北鹿　北秋田大吟醸　７２０ｍｌ,北鹿 地酒_北秋田大吟醸酒_７２０ｍｌ,14,14252,15
4955596395015,北鹿　　　　　　　　開運テトラパック　　１８０ｍｌ,北鹿 地酒_開運_１８０ｍｌ_パック,11,1400,15
4955596826441,開運　北鹿パック　　２０００ｍｌ,北鹿 地酒_開運_２Ｌ_パック,6,6575,7
4955596926394,北鹿　生もとパック　２０００ｍｌ,北鹿 地酒_生もと_２Ｌ_パック,29,31530,38
4958782252024,白岳２５°米　　　　９００ｍｌ,高橋酒造 白岳_２５度_乙_米_９００ｍｌ_パック,4,2855,4
4958782258033,米焼酎　白岳しろ　　２５°７２０ｍｌ　　＜白岳＞,高橋酒造 しろ_２５度_乙_米_７２０ｍｌ,1,763,1
4960689571306,かみなり三代　　　　１８０ｍｌ,京姫酒造 地酒_かみなり三代_１８０ｍｌ_パック,90,18322,201
4961206240163,川鶴　讃岐乃大吟醸　３００ｍｌ,川鶴酒造 地酒_讃岐乃レ・プリミエ螢流湧水箱麹大吟醸酒_３００ｍｌ,2,1426,3
4962840089743,キャンティ０４　　　７５０ｍｌ　　　　　＜リョーショクリカー,センシィ　キャンティ　７５０ｍｌ,5,6116,6
4962840090244,ポールローラン赤　　瓶７５０ｍｌ　　　　＜パトリアッシュ＞,ポールローラン　ルージュ　７５０ｍｌ,1,647,1
4962840090459,カミノディティラ白　７５０ｍｌ　　　　　＜カミノリアル＞,カミノリアル　カミノディティエラシャルド　７５０,1,589,1
4962840090558,Ｈ＆Ｂスタンダード　７００ｍｌ　　　　　＜ヘッジ＆バスラー＞,ヘッジスバトラー_スタンダード_７００ｍｌ,8,7424,8
4962840509272,イーグルホーク　　　シャルドネ　　　　　７５０ｍｌ,イーグルホーク　シャルドネ　白　７５０ｍｌ,1,980,1
4962840509975,ＬＦＥカベルネ　　　７５０ｍｌ　　　　　＜三菱食品＞,ルイスフェリペ　カベルネソーヴィニョン　７５０ｍｌ,28,22309,46
4962840509982,ＬＦＥピノノワール　７５０ｍｌ　　　　　＜三菱食品＞,ルイスフェリペ　ピノノワール　７５０ｍｌ,5,2879,6
4962840509999,ＬＦＥソーヴィニヨン７５０ｍｌ　　　　　＜三菱食品＞,LFE　ソーヴィニョンブラン　７５０ｍｌ,15,8259,17
4962840963623,センシー　ヴィルト　ロッソ　７５０ＭＬ,三菱食品　センシィ　ヴィルト　ロッソ　７５０ＭＬ,13,7513,13
4962840963630,センシー　ヴィルト　ビアンコ　７５０ＭＬ,三菱食品　センシィ　ヴィルト　ビアンコ　７５０ＭＬ,2,1156,2
4962840964231,ロゴダジ　カベルネ　ＳＶ・メルロー　　　７５０ｍｌ,ロゴダジ　カベルネソーヴィニヨン・カベルネフラン・メルロー,3,2720,4
4962840964248,ロゴダジ　シャルドネ・ヴェルメンティーノ７５０ｍｌ,ロゴダジ　シャルドネ・ヴェルメンティーノ,2,1524,2
4962840964323,サンタルーズ　　　　カベルネＳＶ　　　　７５０ｍｌ,サンタルーズ　カベルネソーヴィニヨン７５０ｍｌ,11,5660,12
4962840964330,サンタルーズ　　　　シャルドネ　　　　　７５０ｍｌ,サンタルーズ　シャルドネ７５０ｍｌ,2,994,2
4962840964811,シャトー　ル　ボッス　　　　　　　　　　７５０ＭＬ,シャトー　ル・ボックス　金賞７５０ｍｌ,1,980,1
4962840965474,シャトー　ロリユ　　７５０ｍｌ,シャトー・ロリユ_７５０ｍｌ,1,1078,1
4962840965481,シャトー　レ　　　　ルイユ　　　　　　　７５０ｍｌ,シャトー・レ・ルイユ_メルロ/カベルネ・フラン/カベルネ・ソーヴィニヨン_７５０ｍｌ,6,6162,6
4962840965504,シャトー　オー　　　パヴァリエ　　　　　７５０ｍｌ,シャトー・オー・パヴァリエ・ラ・ロケ_メルロー/カベルネ・フラン/カベルネ・ソーヴィニヨン_７５０ｍｌ,2,2159,2
4962840965511,シャトー　レ　　　　リガーヌ　　　　　　７５０ｍｌ,シャトー・レ・リガーヌ_メルロ/カベルネ・フラン/カベルネ・ソーヴィニヨン_７５０ｍｌ,2,3239,3
4962840965528,シャトー　フォンタナ７５０ｍｌ,シャトー・フォンタナ_メルロ/カベルネ・フラン/カベルネ・ソーヴィニヨン/マルベック_2017_７５０ｍｌ,3,3240,3
4962840965764,ザ・ケールサワー　　３５０ＭＬ,三菱食品 ファンケル_ザ・ケールサワー_３５０ｍｌ_缶,44,7013,52
4962840965986,パインアメサワー　　３５０ｍｌ,三菱食品 パインアメサワー_３５０ｍｌ_缶,46,6266,56
4964838011125,奥の松　あだたら吟醸７２０ｍｌ,奥の松酒造 地酒_奥の松あだたら吟醸吟醸酒_７２０ｍｌ,3,5298,6
4964838011132,奥の松　純米酒　　　７２０ｍｌ,奥の松酒造 地酒_奥の松特別純米酒_７２０ｍｌ,4,3822,4
4964838123019,奥の松　金紋　　　　１８００ｍｌ,奥の松酒造 地酒_奥の松金紋辛口本醸造酒_１．８Ｌ,2,3009,2
4964838981152,奥の松　金紋パック　２０００ｍｌ,奥の松酒造 地酒_奥の松金紋辛口本醸造酒_２Ｌ_パック,3,5480,4
4965417142001,大七　純米生元　　　７２０ｍｌ,大七酒造 地酒_大七生もと純米酒_７２０ｍｌ,2,2250,2
4965417222000,大七　きもと　　　　７２０ｍｌ,大七酒造 地酒_大七生もと_７２０ｍｌ,3,1321,3
4966761001600,田苑　麦　金ラベル　２５°１．８Ｌ　　　＜田苑酒造㈱＞　　　,田苑酒造 田苑金ラベル_２５度_乙_麦_１．８Ｌ,1,1886,1
4966761070200,乙２５°田苑　麦　金ラベル　瓶９００ｍｌ,田苑酒造 田苑金ラベル_２５度_乙_麦_９００ｍｌ,6,6568,6
4966761071474,麦の詩　２５°パック１８００ｍｌ,田苑　麦の詩　２５度　パック　１．８Ｌ,13,16766,14
4967290130069,桜顔　蔵元伝承　技　１８００ｍｌ,桜顔酒造 地酒_蔵元伝承技_１．８Ｌ,3,2850,3
4967290200175,桜顔　北の寒桜パック１８００ｍｌ,桜顔酒造 地酒_桜顔北の寒梅_１．８Ｌ_パック,4,4422,5
4967290200199,桜顔　北の寒桜　　　９００ｍｌ,桜顔酒造 地酒_桜顔北の寒梅_９００ｍｌ_パック,3,1703,3
4967290730467,南部富士　　　　　　特別純米酒７２０ｍｌ,桜顔酒造 地酒_南部富士特別純米酒_７２０ｍｌ,1,1019,2
4967860038702,秋田の雪パック　　　３０００ｍｌ,秋田県醗酵　秋田の雪　パック　３Ｌ,65,93243,89
4967860038726,秋田の雪パック　　　２０００ｍｌ,秋田の雪　パック　２ｌ,48,47091,61
4967860038757,秋田の雪パック　　　９００ｍｌ,秋田県醗酵工業 地酒_秋田の雪_９００ｍｌ_パック,42,19580,42
4967860081708,秋田県醗酵　　　　　合成とんとん拍子　　３０００ＭＬ,秋田県醗酵工業 合成清酒_とんとん拍子_３Ｌ_パック,14,12953,15
4967860120742,新光ホワイトリカー　３５°パック　　　　１８００ｍｌ,秋田県醗酵工業 新光_３５度_甲_１．８Ｌ_パック,2,1913,2
4967860141044,そふと新光ペット　　２５°４０００ｍｌ,秋田県醗酵工業 そふと新光_２５度_甲_４Ｌ_ペット,51,134401,62
4967860141075,そふと新光ペット　　２５°２７００ｍｌ,秋田県醗酵工業 そふと新光_２５度_甲_２．７Ｌ_ペット,39,68374,47
4967860141150,そふと新光　２５°　１８００ｍｌ,秋田県醗酵工業 そふと新光_２５度_甲_１．８Ｌ_ペット,9,11492,11
4967860141310,そふと新光　２５°　７２０ｍｌ,秋田県醗酵工業 そふと新光_２５度_甲_７２０ｍｌ,1,645,1
4967860141532,そふと新光カップ　　２５°２００ｍｌ,秋田県醗酵工業 そふと新光_２５度_甲_２００ｍｌ_カップ,6,1692,9
4967860142331,あいぼう　２５°　　７２０ｍｌ,秋田県醗酵工業 あいぼう_２５度_甲_７２０ｍｌ,1,730,1
4967860161042,そふと新光ペット　　２０°　４０００ｍｌ,秋田県醗酵工業 そふと新光_２０度_甲_４Ｌ_ペット,26,57681,31
4967860161073,そふと新光ペット　　２０°　２７００ｍｌ,秋田県醗酵工業 そふと新光_２０度_甲_２．７Ｌ_ペット,12,17904,14
4967860161158,そふと新光　２０°　１８００ｍｌ,秋田県醗酵工業 そふと新光_２０度_甲_１．８Ｌ_ペット,3,2848,3
4967860430308,おもてなし　　　　　米焼酎２５度　　　　７２０ｍｌ,秋田県醗酵工　おもてなし　米焼酎　八年貯蔵　７２０,3,3153,3
4967860500636,なまはげストロング　ＤＲＹ３５０ＭＬ,秋田県醗酵工業 なまはげストロング＜ドライ＞_３５０ｍｌ_缶,12,2802,21
4967860616337,おもてなし大吟醸　銀７２０ｍｌ,県醗酵ｵﾓﾃﾅｼ大吟銀720ml,7,6465,7
4967860976745,秋田の雪大吟醸パック１８００ｍｌ,秋田県醗酵工業 地酒_秋田の雪大吟醸酒_１．８Ｌ_パック,5,6900,5
4969265703308,ホワイトオーク　　　あかし　５００ｍｌ,江井ヶ嶋酒造 ホワイトオーク_あかし_５００ｍｌ,15,14866,16
4969265759176,江井ヶ嶋酒造　シーフロント５００ｍｌ,江井ヶ嶋酒造 ＳＥＡＦＲＯＮＴ_５００ｍｌ,1,1579,1
4969265773134,ホワイトオーク　　　あかし　レッド　　　５００ｍｌ,江井ヶ嶋酒造 ホワイトオーク_あかしレッド４０度_５００ｍｌ,5,3673,5
4969516013101,高清水　　　　　　　純米酒「酒乃国」　　１８００ｍｌ,秋田酒類製造 地酒_酒乃国高清水純米酒_１．８Ｌ,1,2048,1
4969516100122,高清水　純米大吟醸　７２０ｍｌ,秋田酒類製造 地酒_高清水純米大吟醸酒_７２０ｍｌ,3,3990,3
4969516140012,高清水　精撰　　　　１８００ｍｌ,秋田酒類製造 地酒_精撰高清水普通酒_１．８Ｌ,4,7422,5
4969516140029,高清水精撰辛口パック１８００ｍｌ,秋田酒類製造 地酒_精撰高清水普通酒_１．８Ｌ,1,1520,1
4969516140043,高清水　精撰パック　１８００ｍｌ,秋田酒類製造 地酒_精撰高清水普通酒_１．８Ｌ_パック,4,5837,4
4969516140067,高清水　精撰　　　　７２０ｍｌ,秋田酒類製造 地酒_精撰高清水普通酒_７２０ｍｌ,1,647,1
4969516311603,高清水　上撰本醸造　カップ２００ｍｌ,秋田酒類製造 地酒_上撰高清水本醸造酒_２００ｍｌ_カップ,3,411,3
4969516410320,高清水　辛口パック　１８００ｍｌ,秋田酒類製造 地酒_高清水辛口普通酒_１．８Ｌ_パック,11,18501,13
4969516410856,高清水　精撰カップ　２００ｍｌ,秋田酒類製造 地酒_精撰高清水普通酒_２００ｍｌ_カップ,4,942,5
4970388322444,焦がし麦焼酎パック　２５度　１８００ｍｌ＜いそのさわ＞,いそのさわ 焦がし麦焼酎_２５度_乙_麦_１．８Ｌ,9,12840,10
4970829242515,あさ開　純米酒　　　７２０ｍｌ,あさ開 地酒_あさ開純米酒_７２０ｍｌ,13,12003,14
4970914327981,両関　　酒パック　　２０００ｍｌ,両関酒造 地酒_両関_１．８Ｌ_パック,3,5120,4
4970914830139,両関　純米酒　瓶　　７２０ｍｌ,両関　純米酒　瓶　７２０ｍｌ,1,1379,1
4971346000312,大木　本醸造さわやか１８００ｍｌ,大木代吉本店 地酒_さわやか本醸造酒_１．８Ｌ,5,10988,7
4971435021013,日本紀行パック　　　１８００ｍｌ　　　　＜相生ユニビオ＞,日本紀行　合成清酒　１２度　１．８Ｌ,126,62476,132
4971495000218,そば焼酎　　　　　　雲海パック　２５°　１８００ｍｌ,雲海酒造 そば雲海_２５度_乙_そば_１．８Ｌ_パック,23,41798,27
4971495010033,雲海　２５°そば　　スリムパック　　　　９００ｍｌ,雲海酒造 そば雲海_２５度_乙_そば_９００ｍｌ_パック,4,3671,4
4971495013836,そば焼酎雲海２０度　２００ｍｌ　　　　　＜雲海酒造＞,雲海酒造 そば雲海_２０度_乙_そば_２００ｍｌ_ペット,6,1200,6
4971495019029,木挽ブルー　２５°　瓶９００ｍｌ,雲海酒造 木挽ＢＬＵＥ_２５度_乙_芋_９００ｍｌ,10,8302,10
4971631714061,富翁京都乃大吟醸純米３００ｍｌ,北川本家 地酒_富翁古都京都の大吟醸純米純米大吟醸酒_３００ｍｌ,1,474,1
4971686501951,くらのすけパック　　３０００ｍｌ,小山本家酒造 地酒_くらのすけ_３Ｌ_パック,36,43927,43
4971686523465,武蔵男山　上撰パック２０００ｍｌ,小山本家酒造 地酒_上撰武蔵男山_２Ｌ_パック,3,2940,3
4971701311107,ホッピー　　　　　　３３０ｍｌ,ホッピー ホッピー_３３０ｍｌ,41,10874,99
4971701311138,ホッピーブラック　　３３０ｍｌ,ホッピー　ホッピーブラック　３３０ｍｌ,38,9393,95
4971980038177,ビッグマン２５°　　ペット　４０００ｍｌ,合同酒精 ビッグマン_２５度_甲_４Ｌ_ペット,4,7432,4
4971980038283,ビッグマン２５°　　ペット　２７００ｍｌ,合同酒精 ビッグマン_２５度_甲_２．７Ｌ_ペット,2,2582,2
4971980038344,合同　　　ビックマン２０度ペット　　　　５０００ＭＬ,合同酒精 ビッグマン_２０度_甲_５Ｌ_ペット,22,50125,26
4971980038412,ビッグマン２０°　　ペット　４０００ｍｌ,合同酒精 ビッグマン_２０度_甲_４Ｌ_ペット,24,45787,28
4971980038665,ビッグマン２０°　　ペット　２７００ｍｌ,合同酒精 ビッグマン_２０度_甲_２．７Ｌ_ペット,16,22393,20
4971980038894,合同　　　ビックマン２０度カップ　　　　２２０ＭＬ,合同酒精 ビッグマン_２０度_甲_２２０ｍｌ_カップ,10,1985,14
4971980099130,上撰富貴パック　　　２０００ＭＬ,合同酒精　富貴　上撰　パック　２Ｌ,1,1289,1
4971980100195,合同ホワイトリカ―　３５°　６００ｍｌ,ホワイトリカーゴードー　３５度　甲　瓶　６００ｍｌ,1,568,1
4971980112891,ホワイトリカー　　　ゴードー　３５°　　１８００ｍｌパック,合同酒精 ホワイトリカーゴードー_３５度_甲_１．８Ｌ_パック,11,16402,14
4971980115984,しぶぬき専科　４７°６００ｍｌ,合同酒精 しぶぬき専科_６００ｍｌ,1,694,1
4971980116448,ミニゴ―ド―・カップ２５°　２２０ｍｌ,25°ミニゴードーカップ　２２０,2,889,5
4971980116462,ミニゴ―ド―カップ　２０°　２２０ｍｌ,合同酒精 ミニゴードー_２０度_甲_２２０ｍｌ_カップ,7,1481,10
4971980119142,麦盛り２５°　　　　１８００ｍｌパック,合同酒精 麦盛り_２５度_混和_麦_１．８Ｌ_パック,21,20152,22
4971980119159,麦盛り２０°　　　　１８００ｍｌパック,合同　麦盛り　２０度　甲　１．８Ｌ,25,29164,40
4971980126447,麦のかおりパック　２５°　２０００ｍｌ　＜合　同＞,合同酒精 麦のかおり_２５度_混和_麦_２Ｌ,1,825,1
4971980127260,グランブルー　２０°７００ｍｌ,合同酒精 グランブルー_２０度_甲_７００ｍｌ,5,5472,10
4971980181507,風月歌パック　１８００ｍｌ　＜合　同＞,合同　風月歌　パック　１．８Ｌ,1,1000,2
4971980184379,芋盛り２５°　　　　１８００ｍｌパック,合同酒精 芋盛り_２５度_混和_芋_１．８Ｌ_パック,28,38579,39
4971980186779,元禄美人パック　　　１８００ｍｌ　　　　＜合同酒精＞,合同酒精 合成清酒_元禄美人_１．８Ｌ,19,8261,20
4971980196655,鍛高譚　２０°　　　しそ　７２０ｍｌ,合同酒精 鍛高譚_２０度_混和_しそ_７２０ｍｌ,5,3894,5
4971980225065,合同新・あっさり　　梅酒パック　２Ｌ,合同　あっさり梅酒　２Ｌ,1,838,1
4971980366690,合成酒「母さん思い」　パック　　　　　　１８００ｍｌ,,2,868,2
4971980428817,麦盛り　黒　パック　１８００ｍｌ,合同酒精 麦盛り_２５度_混和_麦_１．８Ｌ_パック,10,12711,13
4971980428992,芋盛り　黒　パック　１８００ｍｌ,合同酒精 芋盛り_２５度_混和_芋_１．８Ｌ_パック,1,2251,2
4971980799054,あっさり梅酒パック　２Ｌ,合同酒精 あっさり梅酒_２Ｌ_パック,3,2474,3
4971980853244,合同ビッグマン２０°パック　　　　　　　２０００ｍｌ,合同酒精 ビッグマン青森限定_２０度_甲_２Ｌ_パック,4,3319,4
4971980864332,直球勝負　１２°　　４０００ｍｌ,合同　直球勝負　１２度　甲　４Ｌ,1,1313,1
4971980908302,合同　レゲエパンチ　３５０ｍｌ,合同酒精 レゲエパンチ_３５０ｍｌ_缶,69,15010,121
4971980908555,合同　レゲエパンチ　レモン　３５０ｍｌ,合同酒精 レゲエパンチ＜レモン＞_３５０ｍｌ_缶,9,2156,18
4971980967859,そば盛り　２５°　　１８００ｍｌパック,そば盛り　２５度　甲　そば　１．８Ｌ,1,930,1
4972212070903,楽園ワイン赤パック　１８０ｍｌ　　　　　＜清洲桜醸造＞,清洲桜　楽園　ワイン　赤　ミニパック　１８０ｍｌ,9,998,12
4972212070910,楽園ワイン白パック　１８０ｍｌ　　　　　＜清洲桜醸造＞,清洲桜　楽園　ワイン　白　ミニパック　１８０ｍｌ,5,470,5
4972545013349,銀盤　播州５０　　　純米大吟醸７２０ｍｌ,銀盤酒造 地酒_銀盤播州５０純米大吟醸酒_７２０ｍｌ,2,2028,2
4972545026103,銀盤　蘭カップ　　　２００ｍｌ,,5,807,9
4972776100016,乙２５°赤霧島　　　１８００ｍｌ　　　　＜霧島酒造＞,霧島酒造 赤霧島_２５度_乙_芋_１．８Ｌ,1,1980,1
4972776130068,茜霧島　２５°芋　　９００ｍｌ　　　　　＜霧島酒造＞,霧島酒造 茜霧島_２５度_乙_芋_９００ｍｌ,40,53024,47
4972776130877,黒霧島２０度瓶　　　９００ｍｌ,霧島酒造 黒霧島_２０度_乙_芋_９００ｍｌ,1,797,1
4972776140036,白霧島　２５°　　　９００ｍｌ,霧島酒造 白霧島_２５度_乙_芋_９００ｍｌ,8,6543,8
4972776140081,白霧島　２５°パック１８００ｍｌ,霧島酒造 白霧島_２５度_乙_芋_１．８Ｌ_パック,76,128299,87
4972776141859,赤霧島　２５°　　　９００ｍｌ,霧島酒造 赤霧島_２５度_乙_芋_９００ｍｌ,26,38844,34
4972776180025,赤霧島　２５°　　　パック　１８００ｍｌ,霧島酒造 赤霧島_２５度_乙_芋_１．８Ｌ_パック,43,86930,45
4972776180063,虎斑霧島　２５°　　９００ｍｌ,霧島酒造 虎斑霧島_２５度_乙_芋_９００ｍｌ,1,1175,1
4972776180070,黒霧島ＥＸ　２５°　９００ｍｌ,霧島酒造 黒霧島ＥＸ_２５度_乙_芋_９００ｍｌ,14,13934,15
4972776180247,黒霧島ＥＸ２５°　　パック　　　　　　　１．８Ｌ,霧島酒造 黒霧島ＥＸ_２５度_乙_芋_１．８Ｌ_パック,4,7518,4
4972776936950,黒霧島　２０°パック１８００ｍｌ,霧島酒造 黒霧島_２０度_乙_芋_１．８Ｌ_パック,10,21558,16
4972776941879,黒霧島　２５°　　　９００ｍｌ,霧島酒造 黒霧島_２５度_乙_芋_９００ｍｌ,60,56806,68
4972776941954,黒霧島　２５°瓶　　１８００ｍｌ,霧島酒造 黒霧島_２５度_乙_芋_１．８Ｌ,7,10763,7
4972776945389,黒霧島　２５°カップ２００ｍｌ,霧島酒造 黒霧島_２５度_乙_芋_２００ｍｌ_ペット,21,5819,26
4972776946874,黒霧島　２５°パック９００ｍｌ,霧島酒造 黒霧島_２５度_乙_芋_９００ｍｌ_パック,27,21566,25
4972776946959,黒霧島　２５°パック１８００ｍｌ,霧島酒造 黒霧島_２５度_乙_芋_１．８Ｌ_パック,249,426723,290
4972842371104,ローヤルサワー　　　レモン１０００ｍｌ,,1,187,1
4972842371135,ローヤルサワー　　　グレフル１０００ｍｌ,木村飲料 ローヤルサワー_グレープフルーツ_１Ｌ_ペット,1,149,1
4973003569460,萬歳楽　加賀梅酒　　７２０ｍｌ,小堀酒造 萬歳楽_加賀梅酒_７２０ｍｌ,1,1478,1
4973480300044,甘熟ぶどうのおいしいワイン赤　５００ｍｌ　＜メルシャン＞,メルシャン　甘熟ぶどうのおいしいワイン赤５００ｍｌ,5,3415,7
4973480300051,甘熟ぶどうのおいしいワイン白　５００ｍｌ　＜メルシャン＞,メルシャン　甘熟ぶどうのおいしいワイン白５００ｍｌ,5,2687,5
4973480310326,ワインライフ　赤　　１８００ｍｌ,ﾒﾙｼｬﾝ ワインライフ 赤 1800ml,1,788,1
4973480311453,ボンルージュ　　　　赤　ペット　　　　　１５００ｍｌ,メルシャン　ボン・ルージュ　赤　ペット　１．５Ｌ,8,7555,8
4973480311460,おいしい無添加　　　赤ワイン　ペット　　１５００ｍｌ,メルシャン　おいしい無添加赤ワインＰＥＴ　１．５Ｌ,13,12431,15
4973480311477,おいしい無添加　　　ふくよか　赤　ペット　１５００ｍｌ,メルシャン　おいしい無添加ふくよか赤ＰＥＴ１．５Ｌ,54,49548,58
4973480311491,おいしい無添加　　　白ワイン　ペット　　１５００ｍｌ,おいしい酸化防止剤無添加白ワイン　ＰＥＴ　１．５Ｌ,20,18777,22
4973480311507,ビストロ　ペット　　赤　１．５Ｌ　　　　＜メルシャン＞,メルシャン　ビストロ　赤　ペット　１．５Ｌ,28,18464,30
4973480311514,ビストロ　ペット　　白　１．５Ｌ　　　　＜メルシャン＞,メルシャン　ビストロ　白　ペット　１．５Ｌ,4,2104,4
4973480320226,フランジア　赤　　　ボックス　３Ｌ　　　＜メルシャン＞,ＦＺ　フランジア　赤　ＢＩＢ　Ｃ　３Ｌ,12,26158,16
4973480323289,ビストロ　赤　　　　ペット　７２０ｍｌ　＜メルシャン＞,メルシャン　ビストロ　赤　ペット　７２０ｍｌ,47,16188,59
4973480323296,ビストロ　白　　　　ペット　７２０ｍｌ　＜メルシャン＞,メルシャン　ビストロ　白　ペット　７２０ｍｌ,53,16757,58
4973480323302,ビストロ　ロゼ　　　ペット　７２０ｍｌ　＜メルシャン＞,メルシャン　ビストロ　ロゼ　Ｓ　ペット　７２０ｍｌ,9,2641,9
4973480323319,ビストロ　赤　甘口　ペット　７２０ｍｌ　＜メルシャン＞,メルシャン　ビストロ　赤甘口Ｓ　ペット　７２０ｍｌ,25,8465,29
4973480323326,ボンルージュペット　７２０ｍｌ　　　　　＜メルシャン＞,メルシャン　ボン・ルージュ　赤　ペット　７２０ｍｌ,14,8004,17
4973480323333,ボンルージュ　ペット白　７２０ｍｌ,メルシャン　ボンルージュ　白　ペット　７２０ｍｌ,1,478,1
4973480326938,おいしい無添加　　　赤ワイン　ペット　　７２０ｍｌ,メルシャン　おいしい無添加赤ワインＰＥＴ７２０ｍｌ,30,15831,33
4973480326945,おいしい無添加　　　ふくよか赤　ペット　７２０ｍｌ,メルシャンおいしい無添加ふくよか赤ＰＥＴ７２０ｍｌ,29,14242,30
4973480326952,おいしい無添加　　　白ワイン　ペット　　７２０ｍｌ,メルシャン　おいしい無添加白ワインＰＥＴ７２０ｍｌ,14,7299,16
4973480328031,ビストロ赤甘口　　　ペットボトル　　　　１５００ｍｌ,ＭＥ　ビストロ　赤甘口　ペット　１．５Ｌ,8,7091,11
4973480329069,おいしい無添加　　　ジューシー赤　ペット７２０ｍｌ,メルシャン　おいしい無添加ジューシー赤ＰＥＴ７２０,19,9610,20
4973480329267,メルシャンエブリィ赤ペットボトル　　　　７２０ｍｌ,メルシャン　エブリィ　赤　ペット　７２０ｍｌ,1,431,1
4973480329601,ラデラ・ヴェルデ　　レッド　７２０ｍｌ,ＥＴＣ　ラデラ・ヴェルデ　レッド　７２０ｍｌ,14,6664,19
4973480329618,ラデラ・ヴェルデ　　ホワイト７２０ｍｌ,ＥＴＣ　ラデラ・ヴェルデ　ホワイト　７２０ｍｌ,5,1722,5
4973480331253,ギュギュッと搾った　サングリア　赤ワイン５００ｍｌ,ギュギュッと搾った赤　オレンジカシス　５００ｍｌ,1,478,1
4973480331321,ラデラ・ヴェルデ　　レッド　ＰＥＴ　　　１５００ｍｌ,ＥＴＣ　ラデラ・ヴェルデ　レッド　１．５Ｌ,31,30463,44
4973480331338,ラデラ・ヴェルデ　　ホワイト　ＰＥＴ　　１５００ｍｌ,ＥＴＣ　ラデラ・ヴェルデ　ホワイト　１．５Ｌ,3,2790,4
4973480333950,おいしい酸化防止剤　無添加　赤ワイン　　厳選素材１５００ｍｌ,メルシャンおいしい無添加赤厳選素材ペット　１．５Ｌ,2,3241,3
4973480334018,ワールドセレクションシャルドネ　白　　　７２０ＭＬ,メルシャン　ワールドセレクションシャルドネ　７２０,2,1589,4
4973480335831,ビストロ　濃い赤　　ペット　７２０ＭＬ,メルシャン　ビストロ　濃い赤　７２０ｍｌ,59,19573,67
4973480335848,ビストロ　濃い赤　　ペット　１５００ＭＬ,メルシャン　ビストロ　濃い赤　１．５Ｌ,4,2546,4
4973480336043,おいしい無添加　赤　オフ日和　５００ＭＬ,メルシャン　おいしい無添加　Ｒ　オフ　５００ｍｌ,1,347,1
4973480337316,フロンテラ　　　　　カベルネＳペット　　１５００ｍｌ,フロンテラペット　カベルネソーヴィニヨン１５００ｍｌ,1,1776,2
4973480337330,ボン　ルージュ　　　プレミアム　赤　　　７２０ｍｌ,ボン・ルージュプレミアム　赤　ペット　７２０ｍｌ,19,10689,20
4973480338689,おいしい酸化防止剤　無添加ワイン　　　　シードル５００ｍｌ,メルシャン おいしい酸化防止剤無添加ワイン・シードル_５００ｍｌ,3,1373,3
4973480659364,カッシェロディアブロカベルネ　７５０ｍｌ＜メルシャン＞,ＣＹＴカッシェロ・カベルネＳＣ１４Ｓ赤　７５０ｍｌ,2,2560,2
4973480666188,サンライズ　　　　　カベルネＳ　　　　　赤　７５０ｍｌ,ＣＹＴサンライズ　カベルネ　ＳＣ１５Ｃ　７５０ｍｌ,7,5523,7
4973480666201,サンライズ　　　　　シャルドネ　　　　　７５０ｍｌ,ＣＹＴサンライズシャルドネＳＣ１５ＣＷ　７５０ｍｌ,2,1594,2
4973480672875,コンチャイトロ　　　フロンテラ　カベルネ　７５０ｍｌ,ＣＹＴ　フロンテラ　カベルネＳ　ＣＢ　７５０ｍｌ,22,13277,27
4973480672882,コンチャ・イ・トロ　フロンテラシャルドネ　７５０ｍｌ,ＣＹＴ　フロンテラ・シャルドネＳＣ　ＢＷ７５０ｍｌ,13,6607,14
4973480836987,ゴーティエ　　　　　ピノ・ノワール　　　７５０ｍｌ,Ｐ＆Ｒ　ピノ・ノワールＳＣ１５　Ｒ　７５０ｍｌ,1,783,1
4973480850785,プードゥ　カベルネ　＆シラーズ　　　　　７５０ｍｌ,ＣＹＴプードゥ　カベルネ＆シラーズＳＣ　７５０ｍｌ,15,9099,21
4973480850792,プードゥ　シャルドネ＆ペドロヒメネス　　７５０ｍｌ,ＣＹＴプードゥ　ＣＨ＆ペドロヒメネスＳＣ７５０ｍｌ,3,1400,3
4973480854387,ＣＹＴ　プードゥ　　メルロー＆カルメネール　赤　７５０ＭＬ,ＣＹＴプードゥメルロー＆カルメネールＳＣ７５０ｍｌ,1,75,1
4973717002017,末廣　　　　　　　　１８００ｍｌ,末廣酒造 地酒_会津印_１．８Ｌ,2,2968,2
4973717200338,末廣　会津伝承きもと純米酒末広７２０ｍｌ,末廣酒造 地酒_伝承生もと純米酒_７２０ｍｌ,2,1994,2
4973717200369,末廣　伝承山廃純米　７２０ｍｌ,末廣酒造 地酒_伝承山廃純米酒_７２０ｍｌ,5,4384,5
4973766000170,芋焼酎さつま白波　　２５°９００ｍｌ　　＜薩摩酒造＞,薩摩酒造 さつま白波_２５度_乙_芋_９００ｍｌ,9,8550,10
4973766000323,芋焼酎　　　　　　　さつま白波　パック　２５°　１８００ｍｌ,薩摩酒造 さつま白波_２５度_乙_芋_１．８L_パック,19,34018,22
4973766000897,神の河　　７２０ｍｌ　　薩摩酒造,薩摩酒造 神の河_２５度_乙_麦_７２０ｍｌ,11,15139,14
4973766002174,白波　黒麹パック　芋　２５°１８００ｍｌ　＜薩摩酒造㈱＞,薩摩酒造 黒白波_２５度_乙_芋_１．８L,10,22930,16
4973855100842,酔仙Ｒｉｓｅ　Ｕｐ，ＫＥＳＥＮ純米酒　　７２０ｍｌ,酔仙酒造 地酒_ＲｉｓｅＵｐ，ＫＥＳＥＮ純米酒_７２０ｍｌ,1,722,1
4973855111275,酔仙　岩手の地酒　　アルミ缶　１８０ｍｌ,酔仙酒造 地酒_岩手の地酒アルミ缶純米酒_１８０ｍｌ_缶,4,1800,6
4974061172869,ＭＨＤ　オールドパーシルバー　　　　　　７５０ＭＬ,オールドパー_シルバー４０度_７５０ｍｌ,6,18761,7
4974160004009,白川郷　純米にごり酒７２０ｍｌ,三輪酒造 地酒_白川郷にごり酒純米酒_７２０ｍｌ,1,1093,1
4976675000033,ハイサワー　レモン　ペット１０００ｍｌ,,21,6152,25
4976675000071,ハイサワー　青りんごペット１０００ｍｌ,,5,1803,8
4976675000217,ハイサワー原液　　　レモン３００ｍｌ,,3,739,3
4976675000224,ハイサワー原液　　　グレフル３００ｍｌ,,1,242,1
4976675000309,ハイサワー　　　　　グレープフルーツ　　ペット,,8,2714,11
4976675222770,ハイサワー　レモン　３５０ｍｌ,博水社 ハイサワー＜レモン＞_３５０ｍｌ_缶,18,4106,30
4976879041344,北酒場　生貯パック　１８０ｍｌ,北関酒造 地酒_北酒場生貯蔵酒_１８０ｍｌ_パック,24,3993,40
4976879073321,越後杜氏直伝純米酒　２０００ｍｌ,越後杜氏　直伝　純米　パック　２０００ｍｌ,14,14366,16
4976879911258,北関　鬼伝説ブリックパック１８０ｍｌ,北関酒造 地酒_鬼伝説_１８０ｍｌ_パック,51,8299,84
4976879972310,精撰　とくまるパック２０００ｍｌ,とくまる　本醸造　パック　２Ｌ,7,5013,8
4976881244498,芋焼酎　桜島　黒麹　２５°９００ｍｌ　＜本坊酒造＞,本坊酒造 黒麹仕立て桜島_２５度_乙_芋_９００ｍｌ,6,4956,6
4976881510296,マルスウイスキー　　ツインアルプス４０°７５０ＭＬ,本坊酒造 マルスウイスキー_ツインアルプス_７５０ｍｌ,1,1780,1
4977991318215,金宮　２５°パック　１８００ｍｌ,宮崎本店 キンミヤ_２５度_甲_１．８Ｌ_パック,48,68631,53
4977991360900,亀甲宮　２５°　　　６００ｍｌ,宮崎本店 キンミヤ_２５度_甲_６００ｍｌ,19,9279,19
4978432229091,麦焼酎　夢ひらり　　パック　２５°　　　１８００ｍｌ,福徳長酒類　夢ひらり　麦　パック　１．８Ｌ,60,73143,72
4978432322730,博多の華　黒麹　そば　２５°　１８００ｍｌ　＜福徳長＞,福徳長酒類 博多の華黒麹_２５度_乙_そば_１．８Ｌ_パック,1,1425,1
4978432324581,博多の華　　　　　　黒麹の麦焼酎２５°　１．８Ｌ,福徳長酒類 博多の華黒麹_２５度_乙_麦_１．８Ｌ_パック,6,8551,6
4978432356759,乙　２５°　よかよか国産大麦１００％　１．８Ｌ,福徳長酒類 夢ひらり_２５度_乙_麦_１．８Ｌ_パック,79,92947,95
4978432630477,福徳長　蔵人の誉　　３０００ｍｌ,福徳長酒類 地酒_蔵人の譽淡麗辛口普通酒_３Ｌ_パック,1,950,1
4978526000452,こだわり梅酒パック　２０００ｍｌ,中埜酒造 こだわり梅酒_２０００ｍｌ,4,3039,4
4978526001787,國盛　れもんのお酒　７２０ｍｌ,中埜酒造 國盛_れもんのお酒_７２０ｍｌ,1,933,1
4978526807501,國盛　ざくろのお酒　梅酒仕立　パック　　１０００ｍｌ,中埜酒造 國盛_ざくろのお酒_梅酒仕立て_１Ｌ_パック,4,2554,4
4978526808171,国盛　みかんのお酒　７２０ｍｌ,中埜酒造 國盛_みかんのお酒_７２０ｍｌ,2,1759,2
4978657150194,明利　蔵人の純米酒　２０００ｍｌ,明利　蔵人の純米酒　２Ｌ,3,4989,5
4979656000862,吉乃川　越後純米　　７２０ｍｌ,吉乃川 地酒_越後純米酒_７２０ｍｌ,1,797,1
4979656003221,吉乃川　厳選辛口　　１８００ＭＬ,吉乃川 地酒_厳選辛口_１．８Ｌ,1,3300,2
4979656005003,吉乃川　厳選辛口　　７２０ＭＬ,吉乃川 地酒_厳選辛口_７２０ｍｌ,2,1330,2
4979656009704,吉乃川　厳選辛口　缶１８０ＭＬ,吉乃川 地酒_厳選辛口_１８０ｍｌ_缶,2,1087,6
4980641321206,金龍　爽やかカップ　２５°２００ｍｌ,金龍 爽_２５度_甲_２００ｍｌ_カップ,8,2504,13
4980641321244,金龍　爽やか２５°　７２０ｍｌ,金龍 爽金龍_２５度_甲_７２０ｍｌ,29,22170,33
4980641321299,金龍　爽やか２５°　２７００ｍｌ,金龍 爽_２５度_甲_２．７Ｌ,29,56275,31
4980641322296,金龍　爽やか２５°　４０００ｍｌ,金龍 爽_２５度_甲_４Ｌ_ペット,12,37737,13
4980868502006,蔵王　秀嶺　本醸造　７２０ｍｌ,蔵王酒造 地酒_秀嶺蔵王本醸造酒_７２０ｍｌ,1,716,1
4980868601013,蔵王　銀嶺　　　　　１８００ｍｌ,蔵王　銀嶺１．８Ｌ,1,1505,1
4981174001559,ステラ光年　２０°　１８００ｍｌパック,伊勢萬 ステラ_２０度_混和_とうもろこし_１．８Ｌ,1,1485,1
4982401995238,芋焼酎めちゃうま芋パック２５°２０００ｍｌ,鷹正宗　２５度　めちゃうま芋パック　芋焼酎,1,1450,1
4982401999595,めちゃうま麦　２５°パック　２０００ｍｌ　＜鷹正宗＞,鷹正宗 めちゃうま麦_２５度_乙_麦_２Ｌ_パック,4,4879,4
4982401999663,めちゃうま麦　２０°パック　２０００ｍｌ　＜鷹正宗＞,めっちゃうま　麦　２０度　乙　パック　２Ｌ,12,22041,22
4983757112607,千代寿大辛口純米大虎７２０ｍｌ,千代寿虎屋 地酒_辛口純米酒大虎_７２０ｍｌ,2,1550,2
4984283010023,久保田　千寿　　　　吟醸　７２０ｍｌ,朝日酒造 地酒_千寿吟醸酒_７２０ｍｌ,6,10050,7
4984283640008,朝日山　百寿盃　　　７２０ｍｌ,朝日酒造 地酒_朝日山百寿盃_７２０ｍｌ,1,686,1
4984283640503,朝日山　百寿盃　　　１８００ｍｌ,朝日酒造 地酒_朝日山百寿盃_１．８Ｌ,2,3300,2
4984283641005,朝日山　百寿盃　　　１８０ＭＬ,朝日酒造 地酒_朝日山百寿盃_１８０ｍｌ_カップ,1,197,1
4984526001528,幻の瀧　越中乃大吟醸３００ｍｌ,皇国晴酒造 地酒_幻の瀧越中乃大吟醸_３００ｍｌ,2,950,2
4985159120204,紅乙女パック　２５°　　　９００ｍｌ,紅乙女酒造 胡麻祥酎紅乙女_２５度_乙_９００ｍｌ_パック,1,1047,1
4985926100637,一ノ蔵　純米酒　辛口７２０ｍｌ,一ノ蔵 地酒_無鑑査純米酒辛口_７２０ｍｌ,2,2154,2
4985926103324,一ノ蔵　　　　　　　無鑑査本醸造辛口　　７２０ｍｌ,一ノ蔵 地酒_無鑑査本醸造辛口_７２０ｍｌ,5,4141,5
4985926103355,一ノ蔵　　　　　　　無鑑査本醸造超辛口　７２０ｍｌ,一ノ蔵 地酒_無鑑査本醸造超辛口_７２０ｍｌ,5,2317,3
4986378132559,勝山　純米吟醸　　　ホワイトラベル　　　７２０ｍｌ,仙台伊澤家勝山酒造 地酒_勝山ホワイトラベル_７２０ｍｌ,3,4952,3
4987236009433,フルーツとハーブの　お酒　香る白桃と杏仁３００ｍｌ,養命酒製造 フルーツとハーブのお酒_香る白桃と杏仁_３００ｍｌ,1,378,1
4987236011382,フルーツとハーブのお酒　　ピンクグレープフルーツとジンジャー,養命酒製造 フルーツとハーブのお酒_ピンクグレープフルーツ_３００ｍｌ,2,756,2
4989852805000,金撰　大山　　　　　７２０ｍｌ,加藤嘉八郎酒造 地酒_大山金撰_７２０ｍｌ,3,1941,3
4989852860009,大山　金撰パック　　１８００ｍｌ,加藤嘉八郎酒造 地酒_大山金撰_１．８Ｌ_パック,2,3118,2
4990545112107,初孫本選アルミパック１８００ｍｌ,東北銘醸 地酒_初孫本撰本醸造_１．８Ｌ_パック,3,5642,3
4990545210001,初孫　酒王　　　　　１８００ｍｌ,東北銘醸 地酒_初孫酒王_１．８Ｌ,5,8364,5
4990545211107,初孫　酒王　　　　　７２０ｍｌ,東北銘醸 地酒_初孫酒王_７２０ｍｌ,8,5675,8
4990545212104,初孫　酒王　パック　１８００ｍｌ,東北銘醸 地酒_初孫酒王_１．８Ｌ_パック,5,7797,5
4990583381114,おたるワイン　完熟ナイアガラ　７２０ｍｌ,おたる　完熟ナイヤガラ　瓶　７２０ｍｌ,1,1400,1
4992283002146,芋焼酎　黒伊佐錦　　２５°９００ｍｌ,大口酒造 黒伊佐錦_２５度_乙_芋_９００ｍｌ,1,884,1
4992413100094,ナド―レ　赤　７２０ｍｌ　＜葛巻＞,葛巻　ナドーレ　赤　７２０ｍｌ,3,3022,3
4992413100100,ナド―レ　ロゼ　７２０ｍｌ　＜葛巻＞,ｸｽﾞﾏｷ ﾅﾄﾞ-ﾚ ﾛｾﾞB720ml,1,1101,1
4994666011332,金紋　両國　　　　　特別純米　船尾灯　　７２０ｍｌ,角星 地酒_特別純米酒船尾灯_７２０ｍｌ,4,3989,4
4994666040011,金紋　両國　　　　　特別本醸造　別格　　１８００ｍｌ,角星 地酒_金紋両國特別本醸造酒別格_１．８Ｌ,2,3879,2
4994666060019,金盃　両國　　　　　１８００ｍｌ,両国　金盃辛口　１．８ｌ,2,4941,3
4995001000523,福来　上撰　　　　　１８００ｍｌ×２,福来　上撰　１８００ｍｌ×２,1,3371,1
4996962131233,伏見男山　特別本醸造蒼天伝　７２０ｍｌ,男山本店 地酒_蒼天伝特別本醸造_７２０ｍｌ,2,2365,3
4996962251603,陸前男山　特別純米酒７２０ｍｌ,男山本店 地酒_気仙沼男山特別純米酒_７２０ｍｌ,2,1746,2
4997613012062,駒泉　特別純米　作田１８００ｍｌ,盛田庄兵衛 地酒_特別契約栽培作田_１．８Ｌ,2,4981,2
4997738170838,サンフーズ　　　　　グリーンフォレスト　５００ｍｌ,サンフーズ ＧｒｅｅｎＦｏｒｅｓｔ_５００ｍｌ,5,5740,6
5000267014203,ジョニーウォーカー　レッドラベル　　　　７００ｍｌ,ジョニーウォーカー_レッドラベル_７００ｍｌ,15,17436,15
5000267024233,ジョニーウォーカー　ブラックラベル１２年　７００ｍｌ,ジョニーウォーカー_ブラックラベル１２年_７００ｍｌ,10,27617,12
5000299604717,バランタイン　　　　ハードファイヤード　７００ＭＬ,バランタイン_ハードファイヤード_７００ｍｌ,1,2080,1
5000329006115,ビーフィータージン　４０°７００ｍｌ,ビーフィーター_ジン４０度_７００ｍｌ,8,10013,9
5010093259006,テイチャ―ズ　　　　７００ｍｌ,ティーチャーズ_ハイランドクリーム_７００ｍｌ,2,1806,2
5010106113127,バランタイン　　　　ファイネスト　　　　７００ｍｌ,バランタイン_ファイネスト_７００ｍｌ,62,71150,73
5010106113974,バランタイン　ブルー１２年　７００ｍｌ,バランタイン_ブルー１２年_７００ｍｌ,5,13857,7
5010196023313,クレイモア　　　　　７００ｍｌ　　　　　＜明治屋＞,クレイモア_７００ｍｌ,9,8925,10
5010284100117,ココナッツリキュールマリブ　７００ｍｌ,マリブ_７００ｍｌ,1,1218,1
5010327325460,グレンフィディック　１２年ＳＰリザーブ　７００ｍｌ,グレンフィディック_１２年_７００ｍｌ,2,6800,2
5010496001448,ボウモア　１２年　　７００ＭＬ,ボウモア_１２年_７００ｍｌ,1,3800,1
5010504100095,カティーサークＥＣ　４０°　　　　　　　７００ｍｌ,カティサーク_ＥＣ_７００ｍｌ,13,14126,13
5010677015004,バカルディ　　　　　スペリオール,バカルディ_スペリオール_７５０ｍｌ,3,4740,3
5060045585271,ジム　ビーム　　　　アップル　７００ｍｌ,ジムビーム_アップル_７００ｍｌ,4,4392,4
5410316982061,スミノフアイス　　　２７５ｍｌ,スミノフアイス_２７５ｍｌ_瓶,44,10825,52
7501005611022,サウザ　テキーラ　　シルバー　　　　　　７５０ｍｌ,テキーラサウザ_シルバー_７５０ｍｌ,1,1600,1
7501035010109,クエルボ　　　　　　ゴ―ルドテキ―ラ　　７５０ｍｌ,クエルボ_エスペシャル_７５０ｍｌ,1,1880,1
7610113000342,バカルディクラシックカクテルズモヒート　７００ｍｌ,バカルディ_クラシックカクテルズ_モヒート_７００ｍｌ,2,2310,2
7610594455839,カルーアコーヒー　　リキュール　　　　　７００ｍｌ,カルーア_コーヒーリキュール_７００ｍｌ,12,18771,12
8000040002509,カンパリ　　　　　　７５０ｍｌ,カンパリ_７５０ｍｌ,1,1479,1
8000040007504,スカイウォッカ４０°７５０ｍｌ,スカイ_ウォッカ_７５０ｍｌ,3,3293,3
8004305070500,テッレ・Ｄ・ノーチェシャルドネ７５０ｍｌ＜日酒販＞,テッレ・デル・ノーチェ　シャルドネ　７５０ｍ,1,697,1
8004305070517,テッレ・Ｄ・ノーチェカベルネＳ７５０ｍｌ＜日酒販＞,テッレ・Ｄ・ノーチェカベルネＳ７５０ｍｌ＜日酒販＞,1,697,1
8410384005447,ブランドールセミセコ７５０ｍｌ　　　　　＜ユニオンセラーズ＞,ブランドールセミセコ　７５０ｍｌ,1,838,1
8410384008042,王様の涙　赤　　　　７５０ｍｌ,王様の涙　赤　７５０ｍｌ,2,1831,4
8410384008059,王様の涙　白　　　　７５０ｍｌ,王様の涙　白　７５０ｍｌ,5,1317,3
8410428300040,セグラブルート　　　レゼルバ　７５０ｍｌ,セグラＶ　ブリュット　レゼルバ　７５０ｍｌ,1,1280,1
8801048163007,真露　２５°　　　　７００ｍｌ,ＪＩＮＲＯ_２５度_韓国焼酎_７００ｍｌ,5,5718,9
8801048165209,真露　２５°　　　　１８００ｍｌ,ＪＩＮＲＯ_２５度_韓国焼酎_１．８Ｌ_ペット,40,51919,43
