jancd,itemnm
00000018,ｻﾝﾄﾘｰ スーパーホップス6缶パック <ケースカット> 500ml
00000019,酒
00000050,ｻﾝﾄﾘｰ スーパーホップスマグナムドライ 350ml 6缶ケースカット
00000069,アサヒ 本生ドラフト_３５０ｍｌ×２４_缶
00000071,アサヒ 本生アクアブルー_３５０ｍｌ×２４_缶
00000072,アサヒ 本生アクアブルー_５００ｍｌ×２４_缶
00000074,麒麟 淡麗極上＜生＞_３５０ｍｌ×２４_缶
00000075,麒麟 淡麗極上＜生＞_５００ｍｌ×２４_缶
00000076,麒麟 淡麗グリーンラベル_３５０ｍｌ×２４_缶
00000077,麒麟 淡麗グリーンラベル_５００ｍｌ×２４_缶
00000084,麒麟 のどごし＜生＞_３５０ｍｌ×２４_缶
00000085,麒麟 のどごし＜生＞_５００ｍｌ×２４_缶
00000094,サッポロ ドラフトワン_３５０ｍｌ×２４_缶
00000095,サッポロ ドラフトワン_５００ｍｌ×２４_缶
00000307,◆ﾅﾏｼﾎﾞﾘ
00000311,◆ｽｰﾊﾟｰｼﾞｪﾝﾄ
00000505,ｷﾘﾝ淡麗生350MLｹｰｽ
00000673,かましん＿発泡酒３５０ＭＬ１ケース
00000674,かましん＿発泡酒５００ＭＬ１ケース
00000694,かましん＿スーパーマグナムドライケース
00000696,かましん＿アサヒ本生　５００ケース
00000698,かましん＿サントリーマグナムドライ　５００ケース
00000699,かましん＿スーパーマグナムドライケース
00000705,かましん＿ブロイ本選り
00000707,かましん＿冬道楽３５０ケース
00000716,かましん＿スパークス
00000717,かましん＿鮮烈発泡・生
00000725,かましん＿淡麗グリーン缶
00000726,かましん＿純生５００ｍｌ
00000728,かましん＿サッポロ新辛口３５０ケース
00000729,かましん＿サッポロ新辛口５００ケース
00000730,かましん＿樽生仕立て１ケース
00000736,かましん＿スパークス
00000936,サッポロビール　麦とホップ　３５０ｍｌｘ２４
00000939,サッポロビール　ドラフトワン　５００ｍｌ＊２４
00000966,サントリー ジョッキ生_３５０ｍｌ×２４_缶
00000967,サントリー ジョッキ生_５００ｍｌ×２４_缶
00001024,のどごし１箱従販用
00001151,淡麗　350　８４００
00001152,淡麗　500　１２０００
00001161,淡麗グリーンラベル　350　８４００
00001162,淡麗グリーンラベル　500　１２０００
00001163,のどごし　生　350　８４００
00001164,のどごし　生　500　１２０００
00001250,金麦　３５０K　８４００
00001251,金麦　５００K　１２０００
00001257,サントリー ザ・ストレート_５００ｍｌ×２４_缶
00001262,サントリー 豊か＜生＞_５００ｍｌ×２４_缶
00001267,サントリー ジョッキ爽潤_３５０ｍｌ×２４_缶
00001354,生搾りみがき麦　３５０K　８４００
00001465,クリアアサヒ３５０K　８４００
00001466,クリアアサヒ　５００K　１２０００
00001802,クリアアサヒ ３５０×24
00001803,のどごし生350×24
00001812,従 ｱｻﾋ ｸﾘｱｱｻﾋ 糖質0 350
00001956,サッポロビール　ドラフトワン　３５０ｍｌ＊２４
00004176,麒麟 のどごし＜生＞_５００ｍｌ_缶
00009171,サントリー 金麦_３５０ｍｌ_缶
00009188,サントリー 金麦_５００ｍｌ_缶
00020343,通販宝焼酎ハイボール梅干割３５０ケース
00020787,通販　アサヒ　オフ　５００ｍｌケース
00020794,通販　アサヒ　オフ　３５０ｍｌケース
00021135,＃サントリー　金麦糖質７０％オフ　３５０ＭＬ×２４
00021159,麒麟 淡麗グリーンラベル_５００ｍｌ×２４_缶
00021166,サントリー ゴールドブリュー_３５０ｍｌ×２４_缶_ＣＧＣ
00021555,キリン　淡麗　３５０ＭＬ×２４
00021593,サッポロ　麦とホップ　３５０ＭＬ×２４缶
00021623,アサヒ クリアアサヒ_３５０ｍｌ×２４_缶
00021692,サントリー　金麦クリアＬ　３５０ＭＬ×２４
00021715,麒麟 のどごし＜生＞_３５０ｍｌ×２４_缶
00021722,サントリー 金麦_３５０ｍｌ×２４_缶
00022057,キリン　淡麗　５００ＭＬ×２４本
00022064,アサヒ　クリアアサヒ　５００ＭＬ×２４缶
00022071,キリン　淡麗グリーンケース　３５０ＭＬ×２４
00022088,キリン　澄みきりケース　３５０ＭＬ×２４
00022101,アサヒ　深煎りの秋　ケース　３５０ｍｌｘ２４
00022118,＃サッポロ　北海道プレミアム　３５０ＭＬ×２４
00022156,麒麟 淡麗グリーンラベル_３５０ｍｌ×２４_缶
00022675,サントリー　金麦　５００ＭＬ×２４缶
00022699,アサヒ　スタイルフリー　５００ＭＬ×２４
00024365,通販　サッポロ麦とホップ赤５００ｍケース
00025027,アサヒ　クリアアサヒプライムリッチ３５０ＭＬ×２４
00025171,通販　麦とホップ夏空ホップ３５０ケース
00025188,通販　麦とホップ夏空ホップ５００ケース
00025652,サントリー －１９６℃ストロングゼロ＜冷凍みかん＞_３５０ｍｌ×２４_缶
00025829,通販ビターズ皮ごと搾はっさく３５０ケース
00025898,通販氷結ストロングアップルＣ３５０ケース
00025966,通販氷結ストロングアップルＣ５００ケース
00025997,通販　旅する氷結ハオチーライチ３５０
00026024,通販　果実瞬間山梨県産ピオーネ３５０
00026109,通販　果実瞬間秋限定国産和梨３５０
00026123,通販　氷結熊本産みかん３５０ｍｌケース
00026192,通販　旅する氷結ピーチアモーレ３５０
00026451,通販　キレートレモンストロング３５０
00026543,サントリー －１９６℃＜秋梨＞_３５０ｍｌ×２４_缶
00027106,通販イタリアンレモンサワー３５０ｍケース
00027113,通販イタリアンオレンジサワー３５０ケース
00027168,通販　氷結ストロング巨峰５００ｍｌケース
00027427,通販　ニッカハイボール３５０ｍｌケース
00028189,通販サントリーこくしぼりＧＦ３５０ｍｌ
00029810,麒麟 淡麗プラチナダブル_３５０ｍｌ×２４_缶
00029827,通販キリン淡麗プラチナダブル５００ケース
00030731,通販　氷結ストロング完熟ＧＦ５００ケース
00032636,通販　アサヒもぎたてぶどう３５０ケース
00035194,通販　アサヒ本生ドラフト３５０ｍｌケース
00035293,通販　キリン氷結もも３５０ｍｌケース
00051439,通販　ウィルキンソンレモンライム３５０ｍ
00052795,通販アサヒもぎたて新鮮オレンジライ３５０
00053051,通販キリン本搾りピンクグレープＦ３５０
00053198,通販　サッポロ　極ＺＥＲＯ５００ケース
00055387,キリン　のどごし２５０ｍｌ
00056700,麒麟 のどごし＜生＞_３５０ｍｌ×２４_缶
00056717,スパークリングホップケース　３５０ＭＬ×２４
00056755,麒麟 のどごし＜生＞_５００ｍｌ×２４_缶
00056779,通販麦とホップＴｈｅｇｏｌｄ５００ケース
00056915,通販　氷結パイナップル３５０ｍｌケース
00057053,キリン　のどごし　生２５０×６
00057059,通販　クリアアサヒ贅沢ゼロ３５０ケース
00057134,通販ビターズ皮ごと搾りレモンライムケース
00057158,通販ビターズ皮ごと搾りレモン３５０ケース
00057554,通販旅する氷結アップルＯＲサングリア
00057561,麒麟 旅する氷結＜カリビアンモヒート ＞_３５０ｍｌ×２４_缶
00057608,通販氷結沖縄産シークワーサー５００ケース
00057691,通販　超男梅サワー３５０ケース
00057721,通販麦とホッププラチナクリア３５０ケース
00057738,通販麦とホッププラチナクリア５００ケース
00058100,通販　ビターズオレンジ３５０ｍｌケース
00058223,通販　のどごしＳタイム３５０ｍｌケース
00058674,通販　クリアアサヒ夏の涼味３５０ケース
00058742,通販麦とＨ魅惑のＨセッション３５０ケース
00058827,通販氷結ストロングＢオレンジ３５０ケース
00058933,サントリー －１９６℃＜夏のキウイ＞_３５０ｍｌ×２４_缶
00058957,サントリー －１９６℃ストロングゼロ＜まるごとキウイ＞_３５０ｍｌ×２４_缶
00058964,通販こくしぼりＰ芳醇メロン３５０ｍケース
00058988,通販　氷結北海道産メロン５００ｍｌケース
00059008,通販　氷結塩グリーンレモン５００ｍｌ
00059107,通販　もぎたてゴールデンパイン３５０ｍｌ
00059138,通販　ウィルキンソン無糖ドライ３５０ｍｌ
00070423,社販　キリン　のどごし（生）３５０ｍｌ
00070430,社販　のどごし〈生〉　５００ケース
00070478,社販　サントリー金麦　３５０ｍｌケース
00070485,社販　サントリー金麦　５００ｍｌケース
00070706,社販　サントリー金麦　３５０ｍｌケース
00070751,社販焼酎ハイボールドライ３５０ｍｌケース
00070768,社販焼酎ハイボールレモン３５０ｍｌケース
00070775,社販焼酎ハイボールシークアーサー３５０ケ
00070812,社販　キリン　のどごし（生）３５０ｍｌ
00070829,社販　のどごし〈生〉　５００ケース
00070942,宝酒造 焼酎ハイボール＜レモン＞_３５０ｍｌ×２４_缶
00070959,宝酒造 焼酎ハイボール＜シークァーサー＞_３５０ｍｌ×２４_缶
00070997,社販　クリアアサヒ３５０ｍｌケース
00071192,サントリー 金麦_３５０ｍｌ×２４_缶
00071314,麒麟 のどごし＜生＞_３５０ｍｌ×２４_缶
00074506,社販焼酎ハイボールドライ３５０ｍｌケース
00074537,社販　キリン　のどごし（生）３５０ｍｌ
00074544,社販　のどごし〈生〉　５００ケース
00074780,社販　麦とホップ５００ｍｌ　ケース
00074803,社販　麦とホップ３５０ｍｌ　ケース
00091022,プライムドラフト_グリーン_３５０ｍｌ_缶
00091060,麒麟 のどごし＜生＞_３５０ｍｌ_缶
00091077,麒麟 のどごし＜生＞_５００ｍｌ_缶
00091145,麒麟 淡麗グリーンラベル_３５０ｍｌ_缶
00091268,サントリー 金麦_３５０ｍｌ_缶
00091275,サントリー 金麦_５００ｍｌ_缶
00091381,サッポロ 麦とホップ_３５０ｍｌ_缶
00091398,サッポロ 麦とホップ_５００ｍｌ_缶
00091411,イオン トップバリュバーリアル_５００ｍｌ_缶
00091428,イオン トップバリュバーリアル糖質５０％オフ_３５０ｍｌ_缶
00091435,イオン トップバリュバーリアル糖質５０％オフ_５００ｍｌ_缶
00127809,カクテル　カロリ　ベリースプモーニ３５０ｍｌ
00218542,麒麟 淡麗グリーンラベル_３５０ｍｌ×２４_缶
00218627,アサヒ スタイルフリー＜生＞_３５０ｍｌ×２４_缶
00350702,サントリー ほろよいアソート_３５０ｍｌ×６_缶
00406222,サントリー　金麦　３５０ｍｌｘ２４　ネット予約
00406260,ＳＵ金麦　糖質７０％オフ３５０ｍｌ×２４ネット予約
00406307,サントリー　金麦　５００ｍｌｘ２４　ネット予約
00406345,ＳＵ金麦　糖質７０％オフ５００ｍｌ×２４ネット予約
00530190,カクカロ　ハニーレモン＆オレンジ３５０ｍｌ
00530263,カクカロ　キャラメルアップル＆ピーチ３５０ｍｌ
00533076,カクカロ　ウィンターフルーツパーティー３５０ｍｌ
00533084,カクカロ　ベリーミックススペシャル３５０ｍｌ
00604730,サントリー ほろよい＜冬みかん＞_３５０ｍｌ_缶
00645036,カロリ。南国ピンクグァバ３５０ｍｌ
00649902,カクテルカロリライチシトラスミックス３５０ｍｌ
00650161,カクテルカロリマスカットピーチ３５０ｍｌ
00650471,カロリ。南国パイナップル３５０ｍｌ
00650552,サントリー ほろよい＜冷やしあんず＞_３５０ｍｌ_缶
00659673,サントリー　カクテルカロリ。スクリュー
00791601,サントリー　カクテルカロリカシスグレプ３５０ｍｌ
00888555,ノルレェイク スターセレクト・ぐい麦糖質オフ_缶_ライフ
00888666,ノルレェイク スターセレクト・ぐい麦糖質オフ_缶_ライフ
00888777,ノルレェイク スターセレクト・ぐい麦糖質オフ_缶_ライフ
00944165,サントリー ほろよい＜もも＞_３５０ｍｌ_缶
00981257,カクテルカロリベリーベリースノー３５０ｍｌ
00992145,ｶｰﾌﾟﾕｳｼｮｳﾊｲﾊｲﾎﾞｰﾙ350ML*6
01004694,ｷﾘﾝ ﾉﾄﾞｺﾞｼ 350ml24ｶﾝｹｰｽ
01010050,アサヒ　すらっとすっきり梅３５０ｍｌ
01037208,アサヒ　クリアアサヒ　２５０ｍｌ
01037350,のどごしスペシャルタイム　３５０ｍｌ×６×
01037523,アサヒクリアアサヒ３５０■　ｘ６ｘ４
01217056,本生ドラフト　缶　５００８Ｐ　４Ｌ
01257048,カクテルカロリ　ライチグレフル３５０ｍｌ
01257099,カクテルカロリ　柚子モスコミュール３５０ｍｌ
01259452,アサヒ　本生ドラフト　２５０ｍｌｘ２４　　　　　　
01261169,カクテルカロリ。ブルーハワイ３５０ｍｌ
01261185,カクテルカロリ。ピンクサンセット３５０ｍｌ
01261215,カクテルカロリ。南国マンゴー３５０ｍｌ
01327915,サッポロ 愛のスコール２本パック_３４０ｍｌ×２_缶
01367874,オリオン　サザンスター　１０Ｌ
01429121,クローネンブルグ・レギュラー　スチール　樽　２０Ｌ
01739468,カクテル　カロリ　ミックスソルティー３５０ｍｌ
01739514,カクテル　カロリ　カシスオレンジ３５０ｍｌ
01795317,麒麟　淡麗　生２５０ｍｌ
01856944,サントリーチューハイ　カロリーウメ３５０ｍｌ
01857045,サントリーチューハイ　カロリー巨峰３５０ｍｌ
01857053,サントリーチューハイ　カロリーＧＦ３５０ｍｌ
01857061,サントリーチューハイ　カロリーレモン３５０ｍｌ
01902174,-196ﾄﾞｻﾝﾄﾘｰﾊｰﾌｹｰｽ
01902198,ｻﾝﾄﾘｰﾎﾛﾖｲﾊｰﾌｹｰｽ350mlｶﾝ12
01903379,宝酒造 焼酎ハイボール＜ドライ＞_ケース
01903416,サントリー －１９６℃ストロングゼロ＜ドライ＞_３５０ｍｌ×２４_缶
01903669,アサヒ クリアアサヒケース_缶
01977261,アサヒ　ＳＩａｔ果肉入りレモン３５０ｍｌ
01977334,アサヒ　ＳＩａｔ果肉入りレモン５００ｍｌ
01977385,アサヒ　ＳＩａｔ果肉入りＧＦ３５０ｍｌ
01977393,アサヒ　ＳＩａｔ果肉入りＧＦ５００ｍｌ
02113845,ｱｻﾋCAｾﾄｳﾁﾀﾞﾖﾘ350ml
02229102,アサヒ もぎたて＜スウィーティー＞_５００ｍｌ_缶
02229164,アサヒ もぎたて＜スウィーティー＞_３５０ｍｌ_缶
02418643,ﾀｶﾗﾁｭｰﾊｲ3ﾎﾝｾｯﾄ
02552050,宝酒造焼酎ハイボールレモン３５０
02552051,宝酒造 焼酎ハイボール＜ドライ＞_３５０ｍｌ_缶
02552330,サントリー　角ハイボール缶　３５０ｍｌ
02552602,麒麟 本搾り＜レモン＞_３５０ｍｌ_缶
02552745,ビターズほろにがレモンライム３５０ｍｌ
02552782,サントリー　角ハイボール濃いめ　３５０ｍｌ
02650302,ｷﾘﾝﾋｮｳｹﾂｽﾄﾛﾝｸﾞ 350ml*3
02868073,ｻｯﾎﾟﾛﾑｷﾞﾄﾎｯﾌﾟTHE GOLD 350ml12
02878478,キリン　　　　　　淡麗（生）３５０　　３５０ｘ２４
02878577,キリン　淡麗　　　１２缶入・化粧箱　　３５０ｘ１２
03175903,ﾌﾟﾘﾝﾀｲｾﾞﾛﾉﾐｸﾗﾍﾞｾｯﾄ350ml4ﾎﾝ
03203798,ｻﾝﾄﾘｰ ﾄﾘｽﾊｲﾎﾞｰﾙ350mlｶﾝx2
03204047,ｻﾝﾄﾘｰﾄﾘｽﾊｲﾎﾞｰﾙｺｲﾒ350mlx2
03204061,ｻﾝﾄﾘｰﾄﾘﾊｲ･ﾄﾘﾊｲｺｲﾒ350mlx2
03306499,ｷﾘﾝﾁﾕ-ﾊｲﾋﾖｳｹﾂﾊｰﾌｹｰｽﾊｰﾌｹｰｽ12ﾎﾟﾝ
03456217,ミラー・ドラフト　３５５ｍｌ
03491287,サントリー　角ハイボール７°缶
03634332,ｺｶｺｰﾗﾚﾓﾝﾄﾞｳｼﾃｲﾊﾞﾝﾚﾓﾝﾊｰﾌｹｰｽ12ﾎﾝ
03830345,キリンバタフライ２５０ｍｌ３本セット
03905654,サントリー　トリスハイボール　３５０ｍｌ
03977989,サントリ－Ｃカロリトロトロマンゴピ－チ２８０ＭＬ　　　　　　
03977996,サントリ－　Ｃカロリトロトロピ－チベリ２８０ＭＬ　　　　　　
03978122,サントリ－Ｃカロリトロトロヨウナシアプル２８０ＭＬ　　　　　
03979136,サッポロ 麦とホップ_爽の香_５００ｍｌ×６_缶
03994054,富永貿易 神戸居留地チューハイ糖類ゼロ＜レモン＞_３５０ｍｌ_缶
03996911,アサヒ　クリアアサヒ　　　　　　２５０ＭＬ　　　　　　　　　
04115458,ｷﾘﾝｻﾞｻﾞｽﾄﾛﾝｸﾞ350ml3ｶﾝﾊﾟｯｸ
04398332,愛のスコールサワーセットホークスバッグ付き
04419648,サントリー こだわり酒場のレモンサワー_３５０ｍｌ×３_缶
04421337,サントリー こだわり酒場のレモンサワー_３５０ｍｌ×１２_缶
04422952,サントリー こだわり酒場のレモンサワー_５００ｍｌ×３_缶
04590811,サントリー 金麦_３５０ｍｌ×２４×５_缶
04664666,中国醸造 ストロングチューハイカープ９_３５０ｍｌ×６_缶
05019410,サントリー 角ハイボール_３５０ｍｌ×３_缶
05835201,サッポロ　麦とホップケース　8400ML
05839179,サントリー　－１９６℃山梨県初摘み白桃３５０　350ML
05839186,サントリー　－１９６℃山梨県初摘み白桃５００　500ML
06265625,ふんわり ３５０×６
06614478,新麦とホップＴｈｅ　ｇｏｌｄ　３５０ｍｌ×１０
06624378,プライムリッチ
06624385,のどごし生
06624408,金麦
06626624,麦とホップ夏空のホップセッション
06634186,瀬戸田レモン産地の恵み２本
06635817,氷結ＧＦ
06635831,氷結　レモン　５００ｍｌ×６
06635848,サントリー －１９６℃ ストロングゼロ＜ダブルレモン＞_５００ｍｌ×６_缶
06635855,１９６℃ストロングゼロダブルシークァーサー　５００ｍｌ×６
06635862,１９６℃ストロングゼロダブルＧＦ
06635886,１９６℃ストロングゼロドライ　５００ｍｌ×６
06719050,金麦
06744052,クリアアサヒ
06769970,グランドゴールド
06810511,淡麗グリーン
06879532,淡麗極上生
08107459,ななくさ農園　ななくさビーヤ　３３０ｍｌ
08235893,ななくさ　ななくさビーヤ柚子　３３０ｍｌ
08264497,ななくさ農園　ななくさストロングビーヤ　３３０ｍｌ
09633797,サントリー　金麦　３５０ＭＬ１２缶パック [4200]
09633810,アサヒ　クリアアサヒ３５０ＭＬ　１２缶Ｐ [4200]
09638839,クリアプライムリッチ３５０　１２缶 [4200]
09644809,麒麟　のどごしオールライト３５０　１２缶 [4200㍉㍑]
09644816,麒麟　澄みきり　３５０　１２缶パック [4200㍉㍑]
09644823,アサヒ　オフ　３５０　１２缶パック [4200㍉㍑]
09644830,ＡＨ　クリア・アサヒ糖質０　３５０　１２ [4200㍉㍑]
09644861,アサヒ　アクアゼロ　３５０　１２缶パック [4200㍉㍑]
09647763,頒布会　第３ビール（のどごし）コース [25200㍉㍑]
09702936,麒麟　淡麗　３５０　８缶パック [2800㍉㍑]
09705449,麒麟　淡麗生　３５０ＭＬ　１２缶パック [4200㍉㍑]
09707368,麒麟　淡麗グリーンラベル３５０　８缶Ｐ [2800㍉㍑]
09707375,麒麟　淡麗グリーンラベル３５０　１２缶Ｐ [4200㍉㍑]
09716575,お酒頒布会　発泡酒（淡麗）コース [16800㍉㍑]
09717398,麒麟　淡麗プラチナダブル３５０　１２缶Ｐ [4200㍉㍑]
09717404,アサヒ　スタイルフリー　３５０　１２缶Ｐ [4200㍉㍑]
09717657,麒麟　のどごし生　３５０　２ケースパック [16800㍉㍑]
1037089m,キリン  のどごし生  ２５０■
1037208m,アサヒ  クリアアサヒ  ２５０■
1037209m,アサヒ  クリアアサヒ  ２５０■  Ｘ６
1037210m,アサヒ　クリアアサヒ　２５０ｍｌＸ６Ｘ４
1037288m,キリン  のどごし生  ２５０Ｘ６
1037470m,ＳＰ  麦とホップ  ２５０■
1037519m,サッポロ  ドラフトワン  ２５０■
10941621,アサヒ　本生ドラフト　５００ｍｌ
10943939,アサヒ　本生ドラフト　２５０ｍｌ
10944370,キリンビール　のどごし＜生＞　２５０ｍｌ
10946046,アサヒ　本生　２５０ｍｌ
10947524,キリンビール　淡麗（生）　２５０ｍｌ
10948286,サッポロ　新ドラフトワン　２５０ｍｌ
13019808,キリン 麒麟淡麗極上＜生＞ ５００ｍｌｘ２４
13228651,サントリ 金麦缶Ｃ／Ｓ３５０ｍｌＸ２４
13232092,アサヒ クリアアサヒ ５００ｍｌ
13279660,アサヒ クリアアサヒ　秋の琥珀５００ｍｌ×６缶
14100202,氷結　レモン　350ml　1セット（6缶）
14100203,氷結　レモン　500ml　1セット（6缶）
14100204,キリン　氷結ストロング　レモン　350m　1セット（6缶）
14100205,キリン　氷結ストロング　レモン　500ml　1セット（6缶）
14100206,宝　CANチューハイ　レモン　250ml　1セット（6缶）
14100207,宝　CANチューハイ　レモン　350ml　1セット（6缶）
14100609,こくしぼり　グレープフルーツ　３５０ｍｌ×3缶
14100610,こくしぼり　オレンジ　３５０ｍｌ×3缶
14100611,こくしぼり　レモンライム　３５０ｍｌ×3缶
14100612,カクテルカロリ。ファジーネーブル３５０ML×3缶
14100613,カクテルカロリ。アップルモスコミュール３５０ML×3缶
14100614,金麦クリアラベル３５０ｍｌ×48缶
14100615,金麦クリアラベル５００ml×48缶
14100617,アサヒ　果実の瞬間ポン果汁30%　350ml　1セット（6缶）
14100618,アサヒ　カクテルパートナーカシスオレンジ　350ml　1セット（6缶）
14100619,麒麟 本搾り＜オレンジ＞_３５０ｍｌ×６_缶
14100620,アサヒ　ハイリキ　ザ・スペシャルカシスオレンジ　350ml　1セット（3缶）
14100621,アサヒ　果実の瞬間　ポン果汁30%　350ml×3缶
14100622,アサヒ　カクテルパートナーカシスオレンジ　350ml　1セット（3缶）
14100624,麒麟 本搾り＜オレンジ＞_３５０ｍｌ×３_缶
14100695,のどごし　オールライト　350ml　1セット（48缶）
14100696,のどごし　オールライト　500ml　1セット（48缶）
14100697,サントリー 金麦＜クリアラベル＞_３５０ｍｌ×４８_缶
14100698,金麦クリアラベル500ml×48缶
14100699,アサヒオフ缶500ml×48缶
14100700,濃い味デラックス500ml×48缶
14100701,サッポログリーンアロマ缶350ml×48缶
14100702,クリアアサヒ　糖質0　缶350ml×48缶
14100703,クリアアサヒ　糖質0　缶500ml×48缶
14100704,アサヒ　クリアアサヒ　プライムリッチ　500ml　1セット（48缶）
14100705,アサヒ　クリアアサヒ　500ml　1セット（48缶）
14100706,サッポロ　麦とホップ　The　Gold　350ml　1セット（48缶）
14100707,サッポロ　麦とホップ　The　Gold　500ml　1セット（48缶）
14100708,サッポロ　ホワイトベルグ　350ml　1セット（48缶）
14100709,ッポロ　麦とホップ　黒　350ml　1セット（48缶）
14100710,'キリン　のどごし＜生＞　350ml　1セット（48缶）
14100711,キリン　のどごし＜生＞　500ml　1セット（48缶）
14100712,キリン　澄みきり　500ml　1セット（48缶）
14100713,キリン　濃い味＜糖質0＞　500ml　1セット（48缶）
14100714,サッポロ　麦とホップ　赤　350ml　1セット（48缶）
14100715,サッポロ　麦とホップ　赤　500ml　1セット（48缶）
14100716,サッポロ　極ZERO　350ml　1セット（48缶）
14100717,サッポロ　極ZERO　500ml　1セット（48缶）
14100718,'麒麟　淡麗　極上＜生＞　350ml缶×48缶
14100719,麒麟　淡麗　極上＜生＞　500ml缶×48缶
14100720,キリン　淡麗グリーンラベル　350ml　1セット（48缶）
14100721,キリン　淡麗グリーンラベル　500ml　1セット（48缶）
14100722,アサヒ　スーパーゼロ　500ml　1セット（48缶）
14100723,アサヒ　スーパーゼロ　350ml　1セット（48缶）
14100724,キリン　淡麗プラチナダブル　350ml　1セット（48缶）
14100725,キリン　淡麗プラチナダブル　500ml　1セット（48缶）
14100726,アサヒ　スタイルフリー　500ml　1セット（48缶）
14100727,キリン　オフ　ホワイト　３５０ｍｌ×12缶
14100760,'のどごし　青空小麦　350ml×48缶
14100762,'麦とホップ　The　gold　薫るコク350ml×48缶
14100763,'麦とホップ　The　gold　薫るコク500ml×48缶
14100764,'ユーロホップ　オフ　ベルギー産新ジャンル　330ml　1セット（3缶）
14100765,'ユーロホップ　オフ　ベルギー産新ジャンル　330ml　1缶
14100766,'ユーロホップ　缶　ベルギー産新ジャンル　330ml　1セット(3缶)
14100767,'快盃　プレミアム　350ml　缶　1セット（1本×3）
14100776,'超旨仕込　缶　韓国産新ジャンル　350ml　1セット（3本）
14100801,'宝　CANチューハイ　レモン　350ml　1箱（24缶入）
14100824,ベルモルトグリーン　糖質オフ　330ml　缶　1ケース（24缶）
14100825,'キリン　オフホワイト　350ml　1セット（48缶）
14100826,'チョーヤ　ウメッシュ　プレーンソーダ　350ml　1セット（6缶入）
14100827,チョーヤ　ウメッシュ　プレーンソーダ　350ml　1セット（6缶入）
14100828,'チョーヤ　ウメッシュ　プレーンソーダ　350ml缶×24缶
14100829,'養命酒製造　ハーブの恵みスパークリング　250ml　1セット（3本）
14100830,'養命酒製造　ハーブの恵みスパークリング　250ml　1ケース（24本）
14101002,'アサヒSlat期間限定アサイー＆ブルーベリーサワー缶350ml×3缶
14101003,アサヒSlat期間限定アサイー＆ブルーベリーサワー缶350ml×6缶
14101004,アサヒSlat期間限定アサイー＆ブルーベリーサワー缶350ml×24缶
14101005,アサヒ辛口焼酎ハイボールシークァーサー缶350ml×3缶
14101010,アサヒオリオン　シークァーサーのビアカクテル　缶350ml×24缶
14101011,アサヒオリオン　シークァーサーのビアカクテル　缶350ml×6缶
14101016,角ハイボール500ml×6缶
14101017,角ハイボール500ml×3缶
14101018,サントリー ほろよい＜涼みあんず＞_３５０ｍｌ×３_缶
14101019,ホワイトベルグ500ml缶×48缶
14101020,サントリー ほろよい＜ラムネサワー＞_３５０ｍｌ×３_缶
14101023,宝焼酎のやわらかお茶割り×6缶
14101024,宝焼酎のやわらかお茶割り×3缶
14101027,直球勝負ストロング　レモン350ml缶×6缶
14101029,直球勝負ストロング　グレープフルーツ350ml缶×6缶
14101030,スタイルフリー【プリン体ゼロ】　缶350ml×48缶
14101031,スタイルフリー【プリン体ゼロ】　缶500ml×48缶
14101033,ブラックニッカクリア　ハイボール　缶350ml×6缶
14101034,竹鶴プレミアムハイボール缶350ml×6缶
14101035,ブラックニッカクリア　ハイボール　缶350ml×3缶
14101036,竹鶴プレミアムハイボール缶350ml×3缶
17629003,ﾀﾝﾚｲｼﾔﾊﾝ350*24
17629010,ﾀﾝﾚｲｼﾔﾊﾝ500*24
17629027,ﾀﾝﾚｲGｼﾔﾊﾝ350*2
17629058,ｷﾘﾝﾉﾄﾞｺﾞｼｼﾔﾊﾝ3
17629065,ｷﾘﾝﾉﾄﾞｺﾞｼｼﾔﾊﾝ5
17639057,麒麟 のどごし＜生＞
17639064,麒麟 のどごし＜生＞
17639071,サントリー 金麦_３５０ｍｌ×２_缶
17639088,サントリー 金麦_５００ｍｌ×２_缶
17659406,麒麟 氷結＜シチリア産レモン＞_缶
18230208,極ゼロ３５０ｍｌケース
18330045,麒麟 のどごし＜生＞_３５０ｍｌ×２４_缶
18330052,のどごし〈生〉５００ｍｌケース
18330137,プライムドラフト３５０ｍｌ　ケース
18330144,サントリー 金麦_３５０ｍｌ×２４_缶
18330175,プライムドラフトグリーン３５０ｍｌ　ケース
18330199,アサヒ クリアアサヒ_３５０ｍｌ×２４_缶
18330236,金麦　糖質７０％オフ　３５０ｍｌケース
18330250,金麦　糖質７０％オフ　５００ｍｌケース
27861903,キリン　氷結レモン３５０ＭＬ　　　　　ケース
31190381,キリン淡麗グリーンラベル＜生　．
31190398,金麦　３５０ｍｌＸ６缶
31190428,クリアアサヒ５００ｍｌ　５００ｍｌ
31190435,クリアアサヒ６缶３５０ｍｌＸ　３５０ｍｌＸ６
31190466,クリアアサヒ６缶５００ｍｌＸ　５００ｍｌＸ６
31191999,サントリー角ハイボール「濃い　．
31192019,サントリー角ハイボール（３５　．
31192026,サントリー角ハイボール濃いめ　．
32190298,クリアアサヒ３５０ｍｌ　３５０ｍｌ
32190304,クリアアサヒ５００ｍｌ　５００ｍｌ
32190441,クリアアサヒ６缶５００ｍｌＸ　５００ｍｌＸ６
33190396,クリアアサヒ３５０ｍｌ　３５０ｍｌ
33190402,クリアアサヒ５００ｍｌ　５００ｍｌ
33190419,クリアアサヒ６缶３５０ｍｌＸ　３５０ｍｌＸ６
33190440,アサヒクリアアサヒ６缶３５０　３５０ｍｌＸ６
33190457,アサヒクリアアサヒ６缶５００　５００ｍｌＸ６
34190395,クリアアサヒ３５０ｍｌ　３５０ｍｌ
34190401,クリアアサヒ５００ｍｌ　５００ｍｌ
34190418,クリアアサヒ６缶３５０ｍｌＸ　３５０ｍｌＸ６
34190432,クリアアサヒ５００ｍｌ　５００ｍｌ
34190449,クリアアサヒ６缶３５０ｍｌＸ　３５０ｍｌＸ６
34190456,クリアアサヒ６缶５００ｍｌＸ　５００ｍｌＸ６
34191040,ブラックニッカクリアブレンド　７００ｍｌ
34192016,サントリー角ハイボール（３５　．
35190394,クリアアサヒ３５０ｍｌ　３５０ｍｌ
35190400,クリアアサヒ５００ｍｌ　５００ｍｌ
35190417,クリアアサヒ６缶３５０ｍｌＸ　３５０ｍｌＸ６
35190424,クリアアサヒ６缶５００ｍｌＸ　５００ｍｌＸ６
35190431,クリアアサヒ５００ｍｌ　５００ｍｌ
35190448,クリアアサヒ６缶３５０ｍｌＸ　６缶３５０ｍｌＸ６
35190455,クリアアサヒ６缶５００ｍｌＸ　６缶５００ｍｌＸ６
35190653,クリアアサヒ３５０ｍｌ　３５０ｍｌ
35190660,クリアアサヒ５００ｍｌ　５００ｍｌ
35191049,ブラックニッカクリアブレンド　クリアブレンド７００ｍ
35814482,アサヒ　果実の瞬間　国産桃とさくらんぼ　３５０Ｍ
35814490,アサヒ　果実の瞬間　愛媛産いよかん　３５０Ｍ
35814504,サッポロ　麦とホップ　ザ・ゴールド　３５０Ｍ
35814512,サッポロ　麦とホップ　ザ・ゴールド　３５０Ｍ×６缶
35814520,サッポロ　麦とホップ　ザ・ゴールド　３５０Ｍ２４缶
35814539,サッポロ　麦とホップ　ザ・ゴールド　５００Ｍ
35814547,サッポロ　麦とホップ　ザ・ゴールド　５００Ｍ×６缶
35814563,サッポロ　ウメカク　ソーダ仕立て白桃　３５０Ｍ
35814598,キリン　本搾り　温州みかん　３５０Ｍ
35814610,キリン　ビターズ　皮ごと搾りレモンライム　３５０Ｍ
35814660,アサヒ　もぎたて　新鮮白桃　３５０Ｍ
35814679,アサヒ　もぎたて　新鮮白桃　５００Ｍ
35814687,アサヒ　クリアアサヒ　贅沢ゼロ　３５０Ｍ
35814695,アサヒ　クリアアサヒ　贅沢ゼロ　３５０Ｍ×６缶
35814717,アサヒ　クリアアサヒ　贅沢ゼロ　５００Ｍ
35814725,アサヒ　クリアアサヒ　贅沢ゼロ　５００Ｍ×６缶
35814741,アサヒ　スラット　ベリーミックスサワー　３５０Ｍ
35815012,ふくれん　博多あまおう　３５０Ｍ
35815020,ジューシー　デコポンチューハイ　３５０Ｍ
35815497,ＳＴ　－１９６°　ＳＴゼロ　Ｗシークァーサー
35816434,ＴＶ　麦の恵み　３５０Ｍ
35816442,ＴＶ　麦の恵み　３５０Ｍ×６缶
35816450,ＴＶ　麦の恵み　３５０Ｍ×２４缶
35816469,ＴＶ　麦の恵み　５００Ｍ
35816477,ＴＶ　麦の恵み　５００Ｍ×６缶
35816485,ＴＶ　麦の恵み　５００Ｍ×２４缶
35816493,サッポロ　麦とホップ　夏空のホップＳ　３５０Ｍ
35816507,サッポロ　麦とホップ　夏空のホップＳ　３５０Ｍ×６
35816515,サッポロ　麦とホップ　夏空のホップ　３５０Ｍ×２４
35816523,キリン　氷結　熊本産みかん　３５０Ｍ
35816574,サントリー ほろよい＜白いサワーグレープフルーツ＞_３５０ｍｌ_缶
35816655,アサヒ　スラット　ジンジャー＆レモン　３５０Ｍ
35816663,アサヒ　スラット　アセロラ＆ザクロ　３５０Ｍ
35816736,サッポロ　キレート　レモンサワーＳＴ　３５０Ｍ
36190393,クリアアサヒ３５０ｍｌ　３５０ｍｌ
36190416,クリアアサヒ６缶３５０ｍｌＸ　３５０ｍｌＸ６
36190423,クリアアサヒ６缶５００ｍｌＸ　５００ｍｌＸ６
36190430,クリアアサヒ５００ｍｌ　５００ｍｌ
36190447,クリアアサヒ６缶３５０ｍｌＸ　３５０ｍｌＸ６
36190454,クリアアサヒ６缶５００ｍｌＸ　５００ｍｌＸ６
36190652,クリアアサヒ３５０ｍｌ　３５０ｍｌ
36190669,クリアアサヒ５００ｍｌ　５００ｍｌ
36191956,サントリー角ハイボール（３５　．
37190392,クリアアサヒ３５０ｍｌ　３５０ｍｌ
37190408,クリアアサヒ５００ｍｌ　５００ｍｌ
37190415,クリアアサヒ６缶３５０ｍｌＸ　３５０ｍｌＸ６
37190422,クリアアサヒ６缶５００ｍｌＸ　５００ｍｌＸ６
37190439,クリアアサヒ５００ｍｌ　５００ｍｌ
37190446,クリアアサヒ６缶３５０ｍｌＸ　３５０ｍｌＸ６
37190453,クリアアサヒ６缶５００ｍｌＸ　５００ｍｌＸ６
37191955,サントリー角ハイボール（３５　．
38190391,クリアアサヒ３５０ｍｌ　３５０ｍｌ
38190407,クリアアサヒ５００ｍｌ　５００ｍｌ
38190421,クリアアサヒ６缶５００ｍｌＸ　５００ｍｌＸ６
38190438,クリアアサヒ５００ｍｌ　５００ｍｌ
38190452,クリアアサヒ６缶５００ｍｌＸ　５００ｍｌＸ６
38191961,サントリー角ハイボール（３５　．
39190390,クリアアサヒ３５０ｍｌ　３５０ｍｌ
39190406,クリアアサヒ３５０ｍｌ　３５０ｍｌ
39190413,クリアアサヒ５００ｍｌ　５００ｍｌ
39190420,クリアアサヒ６缶３５０ｍｌＸ　３５０ｍｌＸ６
39190437,クリアアサヒ６缶５００ｍｌＸ　５００ｍｌＸ６
44009747,チョーヤ ウメッシュ_２５０ｍｌ_缶
44060262,麒麟 氷結＜レモン＞_３５０ｍｌ×６_缶
44142406,サントリー　金麦３５０ｍｌケース
49010400,THE　O.N.E　ドライモヒート350ml×3缶
49010401,THE　O.N.E　ドライモヒート350ml×6缶
49017779,サントリー ほろよい６本アソート_缶
49151862,ｻﾝﾄﾘｰ スーパーホップス ミニ缶 ２５０ｍｌ
49179170,のどごしオールライトオフゼロ生活ＣＰ缶　５００×６
49294416,サントリー 金麦　５００缶ケース ５００ｍｌ×２４
49337020,ﾁﾖ-ﾔ 薬草人参酒デミタス 60ml
49337068,チョーヤ梅酒　ウメッシュ　ミニプレーンソーダ缶　１
49403771,サッポロビール 麦と東北ホップ　Ｒ缶 ３５０ｍｌ
49536752,サッポロビール 麦と東北ホップ　Ｒ６缶 ３５０ｍｌ×６
49575491,麒麟 淡麗極上＜生＞_１３５ｍｌ_缶
49575682,ビターズ　コンクジンジャー　ペット　１．８Ｌ
49575699,ｷﾘﾝ バドワイザー缶 250ml
49575743,キリン　夜カフェ　紅茶のお酒　缶　１９０ｍｌ
49575750,キリン　夜カフェ　カフェラテのお酒　缶　１９０ｍｌ
49575774,キリン　ビターズコンクジンジャー　ＰＥＴ　１．８Ｌ
49575781,キリン　ビターズコンクグレープフルーツ　１．８Ｌ
49893120,アサヒ　本生ドラフトＮ　缶　１３５ｍｌ
49893502,アサヒ　本生　１３５ｍｌ
49893533,アサヒ　本生ドラフト　缶　１３５ｍｌ
61142404,中身アサヒ　樽ハイ倶楽部プレーン　１９Ｌ樽
61150423,サントリー ほろよいアソート_３５０ｍｌ×１２_缶
61151871,アルコオリジナル　氷結セット
61151888,アルコオリジナル　氷結ストロングセット
80940722,アサヒ　本生　２５０ｘ６
80941026,アサヒ　スタイルフリー　２５０ｘ２４
80941200,キリンビール　淡麗（生）　２５０ｘ６
80941828,アサヒ　本生ドラフト　２５０ｘ６
81500048,キリンのどごし５００ｍｌケース
81500055,キリン　のどごし３５０ｍｌケース　　
81540013,キリン　淡麗ダブル３５０ｍｌケース
81540020,キリン淡麗グリーン３５０ｍｌケース
81540044,キリン　発泡酒　淡麗３５０ｍｌケース
81725878,キリン　のどごし３５０ｍｌＢＵＹ近商
81851409,サントリー　カロリ　りんご
90049365,サントリー ほろよい＜レモン＞_３５０ｍｌ_缶
90049373,サントリー ほろよい＜うめ＞_３５０ｍｌ_缶
90139151,カロリ。大地のりんご３５０ｍｌ
90139208,カロリ。太陽のオレンジ３５０ｍｌ
90141614,のどごし生　券無
90189426,カロリゼログリ－ン＜グリ－ンアップル＞３５０ｍｌ
90189639,カクカロ＜トロピカルフル－ツキス＞３５０ｍｌ
90203372,カクカロ　クリスタルフルーツシャワー３５０ｍｌ
90281993,サントリ－カクカロフル－ツレインボ－３５０ｍｌ
90282183,サントリ－カクカロマンゴ－ピ－チ３５０ｍｌ
90282388,サントリ－カクカロファジ－ネ－ブル３５０ｍｌ
90306473,アサヒＳｌａｔすっきり白ぶどう３５０ｍｌ
90332342,サントリー ほろよい＜りんご＞_３５０ｍｌ_缶
90356284,サントリー　カロリ。　白桃３５０ｍｌ
90415418,カクカロ　ピンクオレンジフィズ３５０ｍｌ
90415450,カクカロ　レッドグレープカシス３５０ｍｌ
90472535,サントリー ほろよい＜冬みかん＞_３５０ｍｌ_缶
90492986,カクテルカロリフロスティーメロン３５０ｍｌ
90504437,サントリー　カロリ南高梅３５０ｍｌ
90504453,サントリー　カロリレモン３５０ｍｌ
90504461,サントリー　カロリグレープフルーツ３５０ｍｌ
90504488,サントリー　カロリハクトウ３５０ｍｌ
90504496,サントリー　カロリ巨峰３５０ｍｌ
90504518,サントリー　カロリ地中海オレンジ３５０ｍｌ
90513606,アサヒ　Ｓｌａｔすっきり白桃３５０ｍｌ
90513614,アサヒ　Ｓｌａｔすっきり白桃５００ｍｌ
90550315,サントリー ほろよい＜白いサワー＞_３５０ｍｌ_缶
90550404,サントリーカロリ白ぶどう３５０ｍｌ
90550749,サントリーカロリリンゴ３５０ｍｌ
90569970,カクテルカロリ　ハッピーパイン３５０ｍｌ
90569989,カクテルカロリ　スィートチェリー３５０ｍｌ
90596765,サントリー ほろよい＜青空りんご＞_３５０ｍｌ_缶
90612264,カクテルカロリ。南国ライチ３５０ｍｌ
90618831,Ｓｌａｔ　ブラッドオレンジ３５０ｍｌ
90676807,サントリー　カロリ。アセロラ３５０ｍｌ
90676815,サントリー　カロリ。アロエ＆マスカット３５０ｍｌ
90676823,サントリー ほろよい＜ぶどうサワー＞_３５０ｍｌ_缶
91140999,のどごし生　券無
91141828,のどごし生３５０×６　券無
92000902,サントリー ほろよい＜白いサワー＞_缶
92140059,のどごし生　券無
92485129,もぎたて新鮮レモン
92485136,サントリー ほろよい＜白いサワー＞_缶
92991705,のどごし生３５０ｍｌケース券無
93140997,のどごし生　予約
93141857,のどごし生３５０×６　予約
94141610,のどごし生　予約
94142488,のどごし生６缶　予約
96553756,世界のハイボール　樽熟カルヴァドス＆ソーダ　３５０
96603291,アサヒ　ブラックニッカクリアハイボール　３５０ｍｌ
96615768,アサヒ　ブラックニッカクリアハイボール　３５０ｍｌ
96619117,合同　ハイボール７％　３５０ｍｌ
96619209,チョーヤ　梅酒ハイボール　３５０ｍｌ
96619216,チョーヤ　梅酒ハイボール　３５０ｍｌ
97071334,トリスハイボール　缶　３５０ｍｌ
97140269,キリン　のどごし生お盆券無
97544241,トリスハイボール　ハニー　缶　３５０ｍｌ
97863441,トリスハイボール　缶　３５０ｍｌ
97939931,トリスハイボール　パイン　３５０ｍｌ
97990031,キリン　のどごし生　３５０ｍｌ　ケース　券なし
97990048,キリン　のどごし生　３５０ｍｌ×６缶
